1,0.99965,1.0018,1.0059,1.0119,1.0198,1.0295,1.0411,1.0546,1.0699,1.0873,1.1066,1.1279,1.1514,1.177,1.2049,1.2351,1.2678,1.3029,1.3407,1.3813,1.4247,1.4711,1.5207,1.5735,1.6299,1.6899,1.7537,1.8216,1.8938,1.9704,2.0518,2.1381,2.2298,2.3269,2.43,2.5393,2.6551,2.7778,2.9079,3.0458,3.1918,3.3465,3.5104,3.684,3.868,4.0628,4.2692,4.4879,4.7197,4.9652,5.2253,5.5011,5.7934,6.1032,6.4318,6.7803,7.1501,7.5425,7.9593,8.4022,8.8734,9.3753,9.9116,10.5
0.9994,0.99965,1.0018,1.0059,1.0119,1.0198,1.0295,1.0411,1.0546,1.0699,1.0873,1.1066,1.128,1.1514,1.1771,1.2049,1.2352,1.2678,1.303,1.3408,1.3813,1.4247,1.4711,1.5207,1.5736,1.6299,1.6899,1.7538,1.8217,1.8938,1.9705,2.0518,2.1382,2.2298,2.327,2.4301,2.5393,2.6552,2.7779,2.908,3.0458,3.1919,3.3466,3.5105,3.6841,3.868,4.0629,4.2693,4.488,4.7197,4.9653,5.2254,5.5012,5.7935,6.1033,6.4319,6.7804,7.1501,7.5426,7.9594,8.4023,8.8734,9.3753,9.9116,10.488
0.99759,0.99822,1.0005,1.0047,1.0107,1.0186,1.0283,1.0398,1.0533,1.0686,1.0859,1.1052,1.1265,1.1499,1.1755,1.2033,1.2334,1.266,1.3011,1.3388,1.3792,1.4225,1.4688,1.5182,1.571,1.6272,1.6871,1.7508,1.8185,1.8905,1.9669,2.0481,2.1342,2.2256,2.3226,2.4254,2.5344,2.6499,2.7724,2.9021,3.0396,3.1853,3.3396,3.5031,3.6763,3.8598,4.0542,4.2601,4.4782,4.7094,4.9543,5.2138,5.4888,5.7804,6.0894,6.4171,6.7647,7.1335,7.5248,7.9404,8.3819,8.8514,9.3511,9.8837,10.452
0.99459,0.99546,0.99795,1.0022,1.0082,1.0161,1.0257,1.0373,1.0506,1.0659,1.0831,1.1023,1.1235,1.1468,1.1723,1.1999,1.2299,1.2623,1.2972,1.3348,1.375,1.4181,1.4642,1.5134,1.5659,1.6218,1.6814,1.7447,1.8121,1.8837,1.9598,2.0406,2.1263,2.2173,2.3137,2.416,2.5245,2.6395,2.7613,2.8904,3.0272,3.1722,3.3258,3.4884,3.6608,3.8433,4.0368,4.2416,4.4587,4.6887,4.9323,5.1905,5.4642,5.7542,6.0617,6.3877,6.7334,7.1002,7.4894,7.9026,8.3414,8.8077,9.3036,9.831,10.392
0.99039,0.99144,0.99408,0.9984,1.0045,1.0123,1.0219,1.0334,1.0467,1.0619,1.079,1.098,1.1191,1.1422,1.1675,1.1949,1.2247,1.2569,1.2915,1.3288,1.3687,1.4115,1.4572,1.5061,1.5582,1.6137,1.6728,1.7357,1.8026,1.8737,1.9492,2.0294,2.1145,2.2047,2.3005,2.402,2.5097,2.6238,2.7448,2.8729,3.0087,3.1526,3.305,3.4665,3.6375,3.8187,4.0107,4.214,4.4294,4.6576,4.8995,5.1557,5.4272,5.715,6.0201,6.3436,6.6865,7.0503,7.4363,7.846,8.2809,8.7427,9.2334,9.7546,10.308
0.98502,0.9862,0.98896,0.99336,0.99945,1.0073,1.0169,1.0282,1.0414,1.0565,1.0734,1.0923,1.1131,1.136,1.1611,1.1883,1.2178,1.2496,1.2839,1.3208,1.3603,1.4027,1.448,1.4963,1.5479,1.6029,1.6614,1.7237,1.7899,1.8603,1.9351,2.0145,2.0987,2.1881,2.2829,2.3834,2.49,2.603,2.7227,2.8496,2.984,3.1265,3.2774,3.4372,3.6065,3.7859,3.9759,4.1772,4.3905,4.6164,4.8557,5.1094,5.3781,5.6629,5.9648,6.2849,6.6242,6.9841,7.3659,7.7709,8.2007,8.6569,9.1412,9.6551,10.2
0.97847,0.97976,0.98261,0.98707,0.99319,1.001,1.0105,1.0218,1.0348,1.0497,1.0665,1.0851,1.1057,1.1284,1.1531,1.18,1.2091,1.2405,1.2744,1.3108,1.3499,1.3917,1.4364,1.4842,1.5351,1.5894,1.6472,1.7087,1.7741,1.8436,1.9175,1.9959,2.079,2.1673,2.2609,2.3602,2.4654,2.577,2.6952,2.8205,2.9533,3.0939,3.2429,3.4007,3.5679,3.745,3.9327,4.1314,4.3419,4.565,4.8013,5.0516,5.3169,5.598,5.896,6.2118,6.5467,6.9017,7.2782,7.6776,8.1012,8.5507,9.0275,9.5332,10.069
0.97077,0.97216,0.97508,0.97958,0.98569,0.99345,1.0029,1.014,1.0269,1.0416,1.0581,1.0765,1.0968,1.1192,1.1435,1.17,1.1987,1.2297,1.263,1.2989,1.3374,1.3786,1.4226,1.4697,1.5198,1.5733,1.6302,1.6908,1.7552,1.8237,1.8964,1.9736,2.0555,2.1425,2.2347,2.3324,2.4361,2.5459,2.6624,2.7858,2.9165,3.055,3.2017,3.3571,3.5218,3.6962,3.8809,4.0766,4.2839,4.5035,4.7361,4.9826,5.2438,5.5205,5.8137,6.1246,6.454,6.8033,7.1736,7.5663,7.9828,8.4244,8.8927,9.3892,9.9154
0.96194,0.96341,0.96638,0.9709,0.97699,0.98469,0.99403,1.005,1.0177,1.0322,1.0485,1.0665,1.0865,1.1084,1.1324,1.1584,1.1866,1.217,1.2498,1.285,1.3228,1.3633,1.4066,1.4528,1.502,1.5546,1.6105,1.67,1.7333,1.8005,1.8719,1.9477,2.0282,2.1136,2.2041,2.3002,2.4019,2.5098,2.6242,2.7454,2.8738,3.0098,3.1539,3.3065,3.4682,3.6394,3.8208,4.013,4.2165,4.4321,4.6605,4.9025,5.1588,5.4305,5.7183,6.0233,6.3466,6.6892,7.0525,7.4375,7.8458,8.2786,8.7374,9.2236,9.7388
0.95199,0.95353,0.95654,0.96106,0.96711,0.97473,0.98394,0.99477,1.0073,1.0215,1.0374,1.0551,1.0747,1.0962,1.1197,1.1452,1.1728,1.2026,1.2347,1.2693,1.3063,1.3459,1.3883,1.4335,1.4818,1.5333,1.588,1.6463,1.7083,1.7741,1.8441,1.9183,1.9971,2.0807,2.1694,2.2634,2.3631,2.4688,2.5808,2.6995,2.8252,2.9584,3.0995,3.2489,3.4072,3.5749,3.7525,3.9407,4.1399,4.351,4.5746,4.8114,5.0624,5.3282,5.6099,5.9083,6.2246,6.5598,6.915,7.2916,7.6906,8.1136,8.5618,9.0368,9.5399
0.94096,0.94255,0.94559,0.95009,0.95608,0.96359,0.97264,0.98328,0.99553,1.0094,1.025,1.0424,1.0615,1.0825,1.1055,1.1304,1.1574,1.1865,1.2179,1.2516,1.2877,1.3264,1.3678,1.412,1.4592,1.5094,1.5629,1.6198,1.6803,1.7446,1.8129,1.8854,1.9623,2.044,2.1306,2.2224,2.3197,2.4229,2.5322,2.6481,2.7708,2.9009,3.0386,3.1845,3.3391,3.5028,3.6762,3.8598,4.0543,4.2603,4.4785,4.7097,4.9545,5.2139,5.4888,5.7799,6.0884,6.4153,6.7617,7.1288,7.5177,7.9299,8.3666,8.8292,9.3192
0.92886,0.9305,0.93354,0.93801,0.94392,0.9513,0.96017,0.97058,0.98255,0.99613,1.0114,1.0283,1.0469,1.0674,1.0897,1.114,1.1403,1.1687,1.1992,1.232,1.2672,1.3049,1.3452,1.3882,1.4341,1.483,1.5351,1.5905,1.6494,1.712,1.7785,1.8491,1.924,2.0034,2.0877,2.1771,2.2718,2.3722,2.4787,2.5914,2.7109,2.8375,2.9715,3.1135,3.2639,3.4232,3.5919,3.7706,3.9599,4.1603,4.3726,4.5975,4.8357,5.088,5.3553,5.6384,5.9384,6.2562,6.5929,6.9496,7.3276,7.728,8.1522,8.6015,9.0773
0.91573,0.91741,0.92044,0.92485,0.93066,0.93789,0.94656,0.95671,0.96838,0.98159,0.9964,1.0128,1.031,1.0509,1.0726,1.0961,1.1216,1.1492,1.1788,1.2107,1.2449,1.2814,1.3205,1.3623,1.4068,1.4543,1.5048,1.5585,1.6157,1.6764,1.7409,1.8094,1.882,1.9591,2.0409,2.1276,2.2195,2.3169,2.4202,2.5296,2.6454,2.7682,2.8982,3.036,3.1819,3.3364,3.5,3.6733,3.8568,4.0512,4.2571,4.4751,4.706,4.9506,5.2097,5.4842,5.7749,6.0828,6.4091,6.7546,7.1207,7.5085,7.9192,8.3541,8.8147
0.9016,0.9033,0.90632,0.91066,0.91634,0.92339,0.93184,0.94171,0.95303,0.96585,0.9802,0.99614,1.0137,1.0329,1.0539,1.0767,1.1014,1.1281,1.1568,1.1876,1.2206,1.256,1.2938,1.3342,1.3772,1.4231,1.4719,1.5239,1.5792,1.6379,1.7002,1.7664,1.8367,1.9112,1.9903,2.0741,2.1629,2.2571,2.3569,2.4626,2.5747,2.6933,2.819,2.9521,3.0931,3.2425,3.4006,3.5681,3.7454,3.9333,4.1322,4.3428,4.566,4.8022,5.0525,5.3176,5.5983,5.8957,6.2106,6.5442,6.8976,7.2718,7.6681,8.0877,8.5321
0.88651,0.88822,0.8912,0.89545,0.90099,0.90784,0.91604,0.92559,0.93655,0.94894,0.9628,0.97818,0.99513,1.0137,1.0339,1.0559,1.0797,1.1054,1.133,1.1627,1.1946,1.2286,1.2651,1.3039,1.3454,1.3896,1.4367,1.4867,1.5399,1.5965,1.6566,1.7203,1.788,1.8598,1.9359,2.0166,2.1022,2.1929,2.289,2.3908,2.4987,2.613,2.734,2.8622,2.998,3.1417,3.294,3.4552,3.626,3.8068,3.9983,4.201,4.4158,4.6432,4.884,5.139,5.4091,5.6952,5.9981,6.319,6.6588,7.0186,7.3996,7.803,8.2301
0.87048,0.8722,0.87512,0.87927,0.88465,0.89128,0.8992,0.90842,0.91897,0.9309,0.94423,0.95902,0.9753,0.99314,1.0126,1.0337,1.0565,1.0812,1.1077,1.1362,1.1668,1.1994,1.2344,1.2717,1.3115,1.3539,1.399,1.4471,1.4981,1.5524,1.61,1.6712,1.7361,1.8049,1.8779,1.9554,2.0375,2.1244,2.2166,2.3143,2.4177,2.5273,2.6434,2.7663,2.8965,3.0344,3.1804,3.335,3.4987,3.672,3.8556,4.05,4.2558,4.4738,4.7046,4.949,5.2078,5.4819,5.7721,6.0794,6.4049,6.7495,7.1143,7.5006,7.9095
0.85355,0.85527,0.85813,0.86216,0.86736,0.87375,0.88136,0.89021,0.90034,0.91177,0.92454,0.93869,0.95428,0.97134,0.98993,1.0101,1.0319,1.0555,1.0809,1.1081,1.1373,1.1685,1.2019,1.2375,1.2755,1.316,1.3592,1.405,1.4538,1.5056,1.5606,1.619,1.681,1.7468,1.8165,1.8905,1.9688,2.0519,2.1399,2.2332,2.332,2.4366,2.5474,2.6648,2.7891,2.9207,3.0601,3.2077,3.3639,3.5294,3.7046,3.8901,4.0865,4.2945,4.5147,4.7479,4.9948,5.2563,5.5331,5.8262,6.1366,6.4651,6.813,7.1813,7.5711
0.83578,0.83748,0.84027,0.84415,0.84915,0.85528,0.86257,0.87103,0.88069,0.89159,0.90377,0.91725,0.93209,0.94833,0.96603,0.98523,1.006,1.0284,1.0525,1.0784,1.1062,1.1359,1.1676,1.2015,1.2376,1.2761,1.3171,1.3607,1.407,1.4563,1.5086,1.5641,1.623,1.6855,1.7518,1.822,1.8965,1.9755,2.0591,2.1477,2.2416,2.341,2.4463,2.5578,2.6759,2.8009,2.9334,3.0736,3.222,3.3792,3.5456,3.7218,3.9083,4.1058,4.3149,4.5363,4.7708,5.0189,5.2817,5.5599,5.8545,6.1663,6.4963,6.8458,7.2156
0.8172,0.81887,0.82157,0.8253,0.83008,0.83593,0.84286,0.8509,0.86008,0.87042,0.88197,0.89475,0.9088,0.92418,0.94093,0.9591,0.97876,0.99995,1.0228,1.0472,1.0735,1.1016,1.1316,1.1636,1.1978,1.2342,1.2729,1.3142,1.358,1.4045,1.454,1.5064,1.5621,1.6212,1.6839,1.7503,1.8207,1.8953,1.9743,2.0581,2.1468,2.2408,2.3403,2.4457,2.5572,2.6754,2.8005,2.933,3.0732,3.2217,3.3789,3.5454,3.7216,3.9081,4.1056,4.3147,4.5361,4.7705,5.0186,5.2812,5.5593,5.8536,6.1651,6.4949,6.8439
0.79785,0.79948,0.80208,0.80564,0.81019,0.81573,0.82229,0.82989,0.83855,0.84831,0.85919,0.87123,0.88446,0.89893,0.9147,0.93179,0.95028,0.97021,0.99165,1.0147,1.0393,1.0658,1.094,1.1241,1.1562,1.1904,1.2268,1.2655,1.3067,1.3505,1.3969,1.4462,1.4986,1.5541,1.6129,1.6753,1.7415,1.8116,1.8858,1.9645,2.0478,2.1361,2.2296,2.3286,2.4334,2.5444,2.6619,2.7863,2.918,3.0575,3.2051,3.3614,3.5268,3.702,3.8874,4.0837,4.2915,4.5114,4.7443,4.9908,5.2517,5.5279,5.8202,6.1296,6.457
0.77778,0.77937,0.78185,0.78523,0.78952,0.79474,0.8009,0.80804,0.81616,0.8253,0.83548,0.84674,0.85912,0.87265,0.88738,0.90336,0.92063,0.93925,0.95927,0.98077,1.0038,1.0285,1.0548,1.0829,1.1129,1.1448,1.1788,1.2149,1.2534,1.2942,1.3376,1.3836,1.4324,1.4842,1.5391,1.5974,1.6591,1.7245,1.7938,1.8672,1.945,2.0273,2.1145,2.2069,2.3047,2.4082,2.5178,2.6339,2.7567,2.8868,3.0245,3.1702,3.3245,3.4878,3.6607,3.8437,4.0375,4.2425,4.4596,4.6893,4.9325,5.1899,5.4623,5.7506,6.0557
0.75705,0.75858,0.76092,0.7641,0.76812,0.773,0.77875,0.78539,0.79295,0.80144,0.8109,0.82136,0.83285,0.8454,0.85906,0.87387,0.88988,0.90713,0.92569,0.94561,0.96695,0.98979,1.0142,1.0402,1.068,1.0976,1.129,1.1625,1.1981,1.2359,1.276,1.3187,1.3639,1.4118,1.4627,1.5166,1.5737,1.6343,1.6984,1.7664,1.8384,1.9146,1.9953,2.0808,2.1713,2.2672,2.3686,2.476,2.5897,2.7101,2.8375,2.9724,3.1151,3.2662,3.4262,3.5955,3.7747,3.9644,4.1651,4.3776,4.6025,4.8405,5.0924,5.3589,5.641
0.7357,0.73715,0.73936,0.74232,0.74606,0.75057,0.75589,0.76202,0.76898,0.77681,0.78551,0.79513,0.8057,0.81723,0.82979,0.84339,0.8581,0.87394,0.89098,0.90927,0.92886,0.94982,0.97222,0.99611,1.0216,1.0487,1.0776,1.1083,1.141,1.1757,1.2125,1.2516,1.2931,1.3371,1.3837,1.4332,1.4856,1.5412,1.6,1.6623,1.7284,1.7983,1.8723,1.9507,2.0338,2.1216,2.2147,2.3132,2.4174,2.5278,2.6446,2.7683,2.8992,3.0377,3.1843,3.3395,3.5038,3.6776,3.8616,4.0563,4.2624,4.4805,4.7113,4.9555,5.214
0.71378,0.71515,0.7172,0.71994,0.72337,0.72751,0.73237,0.73796,0.74432,0.75144,0.75937,0.76813,0.77774,0.78823,0.79964,0.812,0.82536,0.83976,0.85523,0.87184,0.88963,0.90866,0.92899,0.95069,0.97382,0.99845,1.0247,1.0525,1.0822,1.1137,1.1471,1.1826,1.2202,1.2601,1.3025,1.3474,1.3949,1.4453,1.4987,1.5553,1.6152,1.6786,1.7458,1.8169,1.8923,1.972,2.0564,2.1457,2.2403,2.3404,2.4463,2.5585,2.6772,2.8028,2.9358,3.0765,3.2254,3.383,3.5498,3.7263,3.9131,4.1108,4.32,4.5413,4.7756
0.69134,0.69262,0.6945,0.697,0.70011,0.70386,0.70824,0.71329,0.719,0.72542,0.73254,0.7404,0.74903,0.75844,0.76868,0.77977,0.79175,0.80465,0.81853,0.83341,0.84935,0.8664,0.88462,0.90406,0.92477,0.94684,0.97032,0.99529,1.0218,1.05,1.08,1.1117,1.1455,1.1812,1.2191,1.2593,1.3019,1.347,1.3948,1.4455,1.4991,1.5559,1.6161,1.6797,1.7472,1.8185,1.8941,1.9741,2.0587,2.1483,2.2431,2.3435,2.4497,2.5621,2.6811,2.807,2.9403,3.0813,3.2305,3.3884,3.5555,3.7323,3.9194,4.1174,4.3268
0.66844,0.66962,0.67132,0.67356,0.67634,0.67968,0.68357,0.68805,0.69311,0.69878,0.70508,0.71203,0.71965,0.72796,0.73699,0.74677,0.75734,0.76872,0.78095,0.79407,0.80812,0.82315,0.8392,0.85632,0.87458,0.89402,0.91471,0.93671,0.96009,0.98492,1.0113,1.0393,1.069,1.1005,1.1339,1.1693,1.2068,1.2465,1.2886,1.3332,1.3804,1.4305,1.4834,1.5395,1.5988,1.6617,1.7282,1.7986,1.8731,1.952,2.0355,2.1238,2.2173,2.3162,2.4209,2.5318,2.649,2.7731,2.9044,3.0433,3.1903,3.3459,3.5105,3.6846,3.8689
0.64514,0.6462,0.64772,0.64969,0.65212,0.65503,0.65842,0.66231,0.6667,0.67161,0.67707,0.68307,0.68966,0.69684,0.70464,0.71309,0.72221,0.73203,0.74259,0.75391,0.76603,0.77899,0.79284,0.80761,0.82335,0.84012,0.85795,0.87692,0.89708,0.9185,0.94123,0.96536,0.99096,1.0181,1.0469,1.0774,1.1097,1.144,1.1803,1.2187,1.2594,1.3025,1.3482,1.3965,1.4476,1.5018,1.5591,1.6198,1.684,1.7519,1.8239,1.9,1.9805,2.0658,2.1559,2.2514,2.3524,2.4593,2.5723,2.692,2.8186,2.9525,3.0943,3.2442,3.4028
0.62149,0.62243,0.62374,0.62543,0.6275,0.62997,0.63284,0.63612,0.63983,0.64397,0.64855,0.65361,0.65914,0.66517,0.67172,0.67881,0.68646,0.69469,0.70354,0.71303,0.72319,0.73405,0.74565,0.75803,0.77122,0.78526,0.8002,0.81609,0.83298,0.85091,0.86995,0.89016,0.91159,0.93433,0.95843,0.98398,1.011,1.0397,1.0701,1.1023,1.1364,1.1725,1.2107,1.2511,1.294,1.3393,1.3873,1.438,1.4918,1.5487,1.6089,1.6725,1.74,1.8113,1.8867,1.9666,2.0511,2.1405,2.2351,2.3352,2.4411,2.5532,2.6717,2.7971,2.9298
0.59755,0.59835,0.59944,0.60084,0.60255,0.60456,0.6069,0.60956,0.61256,0.61591,0.61962,0.62369,0.62816,0.63302,0.63829,0.644,0.65015,0.65678,0.6639,0.67153,0.6797,0.68843,0.69776,0.7077,0.7183,0.72958,0.74159,0.75435,0.76792,0.78233,0.79762,0.81385,0.83107,0.84933,0.86869,0.88921,0.91096,0.93399,0.95839,0.98424,1.0116,1.0406,1.0713,1.1038,1.1381,1.1745,1.2131,1.2538,1.297,1.3426,1.3909,1.4421,1.4962,1.5534,1.614,1.6781,1.7459,1.8177,1.8936,1.9739,2.0589,2.1488,2.2439,2.3445,2.4509
0.57337,0.57402,0.57489,0.57599,0.57731,0.57886,0.58065,0.58269,0.58497,0.58752,0.59033,0.59341,0.59679,0.60046,0.60444,0.60875,0.6134,0.61839,0.62376,0.62951,0.63566,0.64224,0.64926,0.65675,0.66473,0.67322,0.68226,0.69187,0.70208,0.71292,0.72443,0.73664,0.7496,0.76333,0.7779,0.79334,0.80969,0.82702,0.84538,0.86482,0.88541,0.90721,0.93028,0.95471,0.98057,1.0079,1.0369,1.0676,1.1,1.1343,1.1707,1.2091,1.2498,1.2928,1.3384,1.3866,1.4375,1.4915,1.5485,1.6089,1.6727,1.7403,1.8117,1.8873,1.9673
0.54901,0.54951,0.55015,0.55093,0.55186,0.55294,0.55417,0.55557,0.55712,0.55885,0.56075,0.56284,0.56511,0.56758,0.57026,0.57315,0.57627,0.57962,0.58321,0.58707,0.59119,0.59559,0.60029,0.6053,0.61063,0.61631,0.62235,0.62878,0.6356,0.64285,0.65054,0.6587,0.66736,0.67654,0.68627,0.69658,0.70751,0.71909,0.73135,0.74434,0.75809,0.77265,0.78806,0.80438,0.82165,0.83993,0.85927,0.87974,0.90141,0.92433,0.94859,0.97425,1.0014,1.0301,1.0605,1.0927,1.1267,1.1627,1.2008,1.2411,1.2837,1.3287,1.3764,1.4268,1.4802
0.52453,0.52487,0.52527,0.52573,0.52626,0.52685,0.52752,0.52826,0.52908,0.52998,0.53097,0.53204,0.5332,0.53446,0.53582,0.53729,0.53887,0.54056,0.54237,0.54431,0.54638,0.5486,0.55096,0.55347,0.55615,0.559,0.56202,0.56524,0.56866,0.57229,0.57614,0.58023,0.58456,0.58916,0.59403,0.59919,0.60466,0.61045,0.61659,0.62308,0.62996,0.63725,0.64496,0.65312,0.66175,0.67089,0.68057,0.6908,0.70163,0.71309,0.72522,0.73805,0.75162,0.76598,0.78117,0.79723,0.81423,0.83221,0.85122,0.87133,0.89261,0.91511,0.9389,0.96407,0.99068
0.5,0.50016,0.50031,0.50044,0.50056,0.50066,0.50075,0.50084,0.50091,0.50098,0.50104,0.50109,0.50114,0.50118,0.50122,0.50125,0.50128,0.50131,0.50133,0.50135,0.50136,0.50138,0.50139,0.5014,0.50141,0.50141,0.50142,0.50142,0.50142,0.50142,0.50142,0.50142,0.50141,0.50141,0.5014,0.5014,0.50139,0.50138,0.50137,0.50136,0.50135,0.50133,0.50132,0.5013,0.50128,0.50126,0.50124,0.50121,0.50118,0.50115,0.50112,0.50108,0.50104,0.501,0.50095,0.50089,0.50083,0.50076,0.50068,0.5006,0.5005,0.5004,0.50028,0.50015,0.5
0.47547,0.47545,0.47533,0.47513,0.47483,0.47443,0.47395,0.47337,0.47269,0.47192,0.47105,0.47008,0.469,0.46782,0.46653,0.46512,0.4636,0.46196,0.46018,0.45828,0.45623,0.45405,0.45171,0.44921,0.44654,0.4437,0.44068,0.43746,0.43404,0.43041,0.42655,0.42246,0.41812,0.41351,0.40862,0.40344,0.39796,0.39214,0.38598,0.37946,0.37255,0.36524,0.3575,0.3493,0.34062,0.33144,0.32172,0.31143,0.30055,0.28902,0.27683,0.26393,0.25028,0.23584,0.22056,0.20439,0.18728,0.16917,0.15002,0.12975,0.1083,0.085613,0.061605,0.036202,0.0093233
0.45099,0.45078,0.4504,0.44985,0.44913,0.44823,0.44716,0.44591,0.44448,0.44287,0.44107,0.43907,0.43687,0.43446,0.43184,0.429,0.42592,0.42261,0.41904,0.41521,0.41111,0.40672,0.40203,0.39703,0.39169,0.38601,0.37996,0.37353,0.3667,0.35944,0.35173,0.34355,0.33487,0.32567,0.31591,0.30557,0.29462,0.28301,0.27071,0.25769,0.2439,0.22931,0.21385,0.19749,0.18018,0.16185,0.14246,0.12193,0.10021,0.077231,0.052914,0.027185,-3.80E-05,-0.02884,-0.059313,-0.091553,-0.12566,-0.16175,-0.19992,-0.24031,-0.28304,-0.32824,-0.37606,-0.42665,-0.48017
0.42663,0.42623,0.42557,0.42467,0.42352,0.42212,0.42046,0.41854,0.41636,0.4139,0.41116,0.40814,0.40482,0.40119,0.39724,0.39296,0.38834,0.38336,0.378,0.37226,0.3661,0.35952,0.35249,0.34499,0.33699,0.32848,0.31942,0.30979,0.29955,0.28868,0.27714,0.26489,0.25189,0.23811,0.22351,0.20803,0.19163,0.17425,0.15584,0.13635,0.11571,0.093864,0.070734,0.04625,0.020336,-0.0070895,-0.036113,-0.066825,-0.099323,-0.13371,-0.17009,-0.20859,-0.24931,-0.2924,-0.33798,-0.38621,-0.43723,-0.4912,-0.54829,-0.60869,-0.67258,-0.74017,-0.81167,-0.8873,-0.9673
0.40245,0.40184,0.40091,0.39965,0.39807,0.39616,0.39391,0.39132,0.38839,0.38509,0.38142,0.37737,0.37293,0.36808,0.36282,0.35711,0.35095,0.34431,0.33717,0.32952,0.32133,0.31256,0.3032,0.29322,0.28258,0.27125,0.2592,0.24639,0.23277,0.21831,0.20295,0.18666,0.16938,0.15106,0.13163,0.11105,0.089237,0.066131,0.041658,0.015742,-0.011699,-0.04075,-0.071503,-0.10405,-0.1385,-0.17496,-0.21355,-0.25437,-0.29757,-0.34328,-0.39164,-0.4428,-0.49693,-0.55419,-0.61477,-0.67886,-0.74666,-0.81837,-0.89424,-0.97449,-1.0594,-1.1492,-1.2442,-1.3446,-1.4509
0.37851,0.37769,0.37647,0.37486,0.37284,0.37042,0.36759,0.36433,0.36063,0.3565,0.3519,0.34684,0.34129,0.33523,0.32865,0.32152,0.31383,0.30555,0.29665,0.28711,0.27689,0.26596,0.2543,0.24185,0.22859,0.21448,0.19946,0.18349,0.16652,0.1485,0.12937,0.10908,0.087547,0.064719,0.040521,0.014877,-0.012294,-0.041076,-0.07156,-0.10384,-0.13802,-0.1742,-0.21251,-0.25305,-0.29595,-0.34136,-0.38941,-0.44025,-0.49405,-0.55096,-0.61118,-0.67489,-0.74228,-0.81358,-0.88901,-0.9688,-1.0532,-1.1425,-1.2369,-1.3368,-1.4425,-1.5543,-1.6725,-1.7975,-1.9298
0.35486,0.35382,0.35232,0.35034,0.34789,0.34496,0.34154,0.33761,0.33317,0.32821,0.32269,0.31662,0.30997,0.30271,0.29483,0.2863,0.2771,0.26719,0.25654,0.24513,0.23291,0.21984,0.20589,0.19102,0.17517,0.15829,0.14034,0.12125,0.10097,0.079434,0.056574,0.032318,0.0065904,-0.020689,-0.049605,-0.080248,-0.11271,-0.14711,-0.18353,-0.2221,-0.26294,-0.30617,-0.35193,-0.40036,-0.45162,-0.50587,-0.56326,-0.624,-0.68826,-0.75625,-0.82818,-0.90427,-0.98478,-1.0699,-1.16,-1.2553,-1.3561,-1.4627,-1.5755,-1.6948,-1.821,-1.9545,-2.0956,-2.2449,-2.4028
0.33156,0.3303,0.3285,0.32617,0.32329,0.31985,0.31584,0.31126,0.30607,0.30028,0.29386,0.28679,0.27905,0.27061,0.26144,0.25153,0.24083,0.22931,0.21694,0.20368,0.18949,0.17431,0.15811,0.14084,0.12243,0.10284,0.08199,0.059829,0.036284,0.01128,-0.01526,-0.043419,-0.073285,-0.10495,-0.13852,-0.17409,-0.21177,-0.25169,-0.29397,-0.33874,-0.38613,-0.43631,-0.48942,-0.54563,-0.60512,-0.66807,-0.73469,-0.80517,-0.87974,-0.95864,-1.0421,-1.1304,-1.2238,-1.3226,-1.4271,-1.5377,-1.6546,-1.7783,-1.9092,-2.0476,-2.194,-2.3488,-2.5125,-2.6857,-2.8689
0.30866,0.30718,0.30509,0.3024,0.29908,0.29514,0.29055,0.28531,0.2794,0.27279,0.26548,0.25742,0.2486,0.239,0.22857,0.21729,0.20512,0.19202,0.17796,0.16288,0.14674,0.12949,0.11108,0.091444,0.070524,0.048253,0.024563,-0.00062097,-0.027377,-0.055789,-0.085947,-0.11794,-0.15188,-0.18786,-0.226,-0.26641,-0.30923,-0.35458,-0.40261,-0.45347,-0.50731,-0.56431,-0.62465,-0.6885,-0.75608,-0.82759,-0.90325,-0.98331,-1.068,-1.1576,-1.2524,-1.3527,-1.4588,-1.571,-1.6897,-1.8153,-1.9481,-2.0886,-2.2371,-2.3943,-2.5605,-2.7363,-2.9222,-3.1189,-3.3268
0.28622,0.28451,0.28214,0.27908,0.27534,0.2709,0.26574,0.25986,0.25322,0.24581,0.23761,0.22859,0.21872,0.20797,0.1963,0.18368,0.17006,0.15542,0.13969,0.12283,0.10478,0.085498,0.064912,0.04296,0.019574,-0.0053193,-0.031799,-0.059947,-0.089851,-0.12161,-0.15531,-0.19107,-0.22899,-0.2692,-0.31182,-0.35698,-0.40483,-0.4555,-0.50917,-0.566,-0.62617,-0.68986,-0.75727,-0.82861,-0.90412,-0.98401,-1.0685,-1.158,-1.2526,-1.3527,-1.4586,-1.5707,-1.6892,-1.8145,-1.9471,-2.0874,-2.2357,-2.3926,-2.5586,-2.7341,-2.9197,-3.116,-3.3237,-3.5433,-3.7756
0.2643,0.26237,0.2597,0.25628,0.25212,0.24719,0.24147,0.23495,0.2276,0.21941,0.21034,0.20037,0.18947,0.17759,0.16471,0.15077,0.13575,0.11958,0.10222,0.083619,0.063711,0.042435,0.019725,-0.0044901,-0.030287,-0.057745,-0.086952,-0.118,-0.15098,-0.186,-0.22317,-0.26261,-0.30443,-0.34877,-0.39577,-0.44557,-0.49833,-0.55422,-0.6134,-0.67606,-0.7424,-0.81263,-0.88696,-0.96562,-1.0489,-1.137,-1.2302,-1.3288,-1.4331,-1.5435,-1.6602,-1.7837,-1.9143,-2.0525,-2.1987,-2.3533,-2.5168,-2.6898,-2.8727,-3.0661,-3.2707,-3.4871,-3.716,-3.958,-4.214
0.24295,0.24078,0.23782,0.23406,0.22948,0.22406,0.21779,0.21065,0.20261,0.19365,0.18373,0.17283,0.16092,0.14795,0.13388,0.11866,0.10226,0.084611,0.065666,0.045361,0.023635,0.00041745,-0.024364,-0.050786,-0.078932,-0.10889,-0.14076,-0.17463,-0.21061,-0.24882,-0.28936,-0.33238,-0.37801,-0.42638,-0.47764,-0.53197,-0.58951,-0.65047,-0.71502,-0.78337,-0.85573,-0.93232,-1.0134,-1.0992,-1.19,-1.286,-1.3877,-1.4952,-1.609,-1.7293,-1.8567,-1.9913,-2.1338,-2.2845,-2.4439,-2.6124,-2.7907,-2.9793,-3.1787,-3.3896,-3.6127,-3.8486,-4.0981,-4.362,-4.641
0.22221,0.21982,0.21658,0.21246,0.20747,0.20158,0.19477,0.18702,0.1783,0.16859,0.15785,0.14605,0.13315,0.11911,0.10389,0.08743,0.069685,0.050598,0.030108,0.0081505,-0.015343,-0.040448,-0.067241,-0.095808,-0.12624,-0.15863,-0.19307,-0.22969,-0.26859,-0.30989,-0.35372,-0.40022,-0.44953,-0.50181,-0.55723,-0.61594,-0.67814,-0.74402,-0.81379,-0.88766,-0.96586,-1.0486,-1.1362,-1.229,-1.3271,-1.4309,-1.5407,-1.6569,-1.7799,-1.9099,-2.0475,-2.193,-2.347,-2.5098,-2.682,-2.8641,-3.0567,-3.2605,-3.476,-3.7038,-3.9448,-4.1997,-4.4692,-4.7543,-5.0557
0.20215,0.19953,0.196,0.19155,0.18615,0.1798,0.17246,0.16412,0.15475,0.14431,0.13277,0.12009,0.10624,0.091164,0.07482,0.057154,0.03811,0.017627,-0.0043587,-0.027917,-0.053123,-0.080055,-0.1088,-0.13944,-0.17208,-0.20682,-0.24377,-0.28305,-0.32476,-0.36906,-0.41607,-0.46594,-0.51883,-0.57489,-0.63432,-0.69729,-0.76399,-0.83464,-0.90945,-0.98866,-1.0725,-1.1613,-1.2552,-1.3546,-1.4598,-1.5712,-1.6889,-1.8135,-1.9453,-2.0848,-2.2323,-2.3883,-2.5533,-2.7279,-2.9125,-3.1078,-3.3143,-3.5327,-3.7636,-4.0079,-4.2663,-4.5395,-4.8284,-5.1339,-5.457
0.1828,0.17996,0.17615,0.17137,0.16558,0.15878,0.15093,0.14201,0.132,0.12085,0.10854,0.095019,0.080244,0.06417,0.046745,0.027914,0.0076149,-0.014215,-0.037645,-0.062749,-0.089607,-0.1183,-0.14893,-0.18158,-0.21635,-0.25336,-0.29272,-0.33456,-0.379,-0.42618,-0.47626,-0.52938,-0.58571,-0.64543,-0.70873,-0.7758,-0.84684,-0.92209,-1.0018,-1.0861,-1.1754,-1.27,-1.37,-1.4759,-1.5879,-1.7065,-1.8319,-1.9646,-2.105,-2.2535,-2.4105,-2.5767,-2.7524,-2.9383,-3.1348,-3.3427,-3.5626,-3.7952,-4.0411,-4.3012,-4.5762,-4.8671,-5.1747,-5.5,-5.8439
0.16422,0.16116,0.15708,0.15197,0.1458,0.13856,0.13022,0.12075,0.11012,0.098298,0.085238,0.0709,0.055239,0.038203,0.019738,-0.00021564,-0.021721,-0.044846,-0.069664,-0.096255,-0.1247,-0.15509,-0.18752,-0.2221,-0.25892,-0.29811,-0.3398,-0.38409,-0.43115,-0.48111,-0.53413,-0.59038,-0.65002,-0.71325,-0.78027,-0.85127,-0.92649,-1.0062,-1.0905,-1.1798,-1.2744,-1.3745,-1.4804,-1.5925,-1.7111,-1.8366,-1.9693,-2.1098,-2.2584,-2.4155,-2.5818,-2.7577,-2.9437,-3.1404,-3.3485,-3.5685,-3.8012,-4.0474,-4.3076,-4.5829,-4.874,-5.1818,-5.5073,-5.8516,-6.2156
0.14645,0.14317,0.13883,0.1334,0.12687,0.11921,0.11039,0.10039,0.089172,0.076694,0.062917,0.047798,0.031286,0.013328,-0.0061329,-0.02716,-0.049821,-0.074186,-0.10033,-0.12835,-0.15831,-0.19033,-0.22449,-0.26091,-0.29969,-0.34097,-0.38487,-0.43153,-0.48109,-0.5337,-0.58954,-0.64878,-0.71159,-0.77818,-0.84875,-0.92352,-1.0027,-1.0866,-1.1755,-1.2695,-1.3691,-1.4744,-1.586,-1.704,-1.8289,-1.961,-2.1008,-2.2487,-2.4052,-2.5706,-2.7457,-2.9308,-3.1267,-3.3338,-3.5528,-3.7845,-4.0295,-4.2886,-4.5626,-4.8524,-5.1588,-5.4829,-5.8255,-6.1879,-6.5711
0.12952,0.12604,0.12144,0.11571,0.10883,0.10077,0.091495,0.080984,0.069198,0.056097,0.041638,0.025772,0.0084492,-0.010388,-0.030799,-0.05285,-0.076611,-0.10216,-0.12957,-0.15894,-0.19036,-0.22392,-0.25973,-0.2979,-0.33856,-0.38182,-0.42784,-0.47674,-0.52868,-0.58383,-0.64235,-0.70443,-0.77026,-0.84005,-0.91401,-0.99237,-1.0754,-1.1633,-1.2564,-1.3549,-1.4593,-1.5697,-1.6866,-1.8103,-1.9411,-2.0796,-2.2261,-2.381,-2.545,-2.7184,-2.9018,-3.0958,-3.301,-3.518,-3.7475,-3.9902,-4.2469,-4.5184,-4.8054,-5.109,-5.43,-5.7695,-6.1285,-6.5081,-6.9095
0.11349,0.10981,0.10497,0.098947,0.091726,0.083278,0.073574,0.062578,0.050255,0.036562,0.021453,0.0048801,-0.013213,-0.032883,-0.054195,-0.077217,-0.10202,-0.12869,-0.15731,-0.18796,-0.22075,-0.25577,-0.29314,-0.33298,-0.37541,-0.42056,-0.46858,-0.5196,-0.57381,-0.63135,-0.69242,-0.75719,-0.82588,-0.8987,-0.97587,-1.0576,-1.1442,-1.236,-1.3331,-1.4359,-1.5448,-1.66,-1.7819,-1.911,-2.0475,-2.1919,-2.3448,-2.5064,-2.6774,-2.8583,-3.0497,-3.252,-3.4661,-3.6925,-3.9319,-4.1851,-4.4528,-4.736,-5.0355,-5.3521,-5.687,-6.0411,-6.4155,-6.8114,-7.2301
0.098396,0.094518,0.089441,0.083144,0.075603,0.066791,0.056676,0.045222,0.032391,0.018139,0.002418,-0.014824,-0.033642,-0.054099,-0.076261,-0.1002,-0.12599,-0.15371,-0.18346,-0.21532,-0.2494,-0.28581,-0.32465,-0.36606,-0.41016,-0.45708,-0.50699,-0.56002,-0.61635,-0.67615,-0.73961,-0.80693,-0.87831,-0.95398,-1.0342,-1.1191,-1.2091,-1.3045,-1.4054,-1.5122,-1.6254,-1.7451,-1.8718,-2.0059,-2.1477,-2.2978,-2.4566,-2.6246,-2.8023,-2.9902,-3.189,-3.3993,-3.6217,-3.8569,-4.1056,-4.3687,-4.6469,-4.941,-5.2521,-5.5811,-5.929,-6.2969,-6.6858,-7.0972,-7.5321
0.084265,0.080203,0.074903,0.068344,0.060502,0.051346,0.040845,0.028961,0.015653,0.00087614,-0.015419,-0.033287,-0.052786,-0.07398,-0.096937,-0.12173,-0.14844,-0.17716,-0.20796,-0.24096,-0.27625,-0.31395,-0.35418,-0.39705,-0.44271,-0.4913,-0.54297,-0.59788,-0.6562,-0.71812,-0.78382,-0.85352,-0.92742,-1.0058,-1.0888,-1.1768,-1.2699,-1.3686,-1.4731,-1.5837,-1.7008,-1.8248,-1.9559,-2.0947,-2.2416,-2.3969,-2.5613,-2.7352,-2.9191,-3.1137,-3.3195,-3.5371,-3.7673,-4.0108,-4.2683,-4.5405,-4.8285,-5.133,-5.455,-5.7955,-6.1555,-6.5363,-6.9389,-7.3646,-7.8147
0.071136,0.066898,0.061389,0.054584,0.046459,0.036983,0.026121,0.013836,8.40E-05,-0.015181,-0.032011,-0.050461,-0.070593,-0.092472,-0.11617,-0.14176,-0.16933,-0.19896,-0.23076,-0.26481,-0.30123,-0.34013,-0.38163,-0.42587,-0.47298,-0.52312,-0.57643,-0.63308,-0.69325,-0.75714,-0.82492,-0.89683,-0.97308,-1.0539,-1.1396,-1.2303,-1.3264,-1.4282,-1.536,-1.6502,-1.771,-1.8988,-2.0341,-2.1773,-2.3288,-2.4891,-2.6586,-2.838,-3.0278,-3.2285,-3.4407,-3.6652,-3.9027,-4.1538,-4.4194,-4.7002,-4.9973,-5.3113,-5.6435,-5.9947,-6.366,-6.7587,-7.174,-7.613,-8.0773
0.059039,0.054638,0.048932,0.041899,0.033511,0.023738,0.012543,-0.00011307,-0.014275,-0.02999,-0.047313,-0.066301,-0.087017,-0.10953,-0.13391,-0.16023,-0.18859,-0.21907,-0.25177,-0.2868,-0.32425,-0.36426,-0.40695,-0.45245,-0.5009,-0.55245,-0.60728,-0.66554,-0.72742,-0.79311,-0.86282,-0.93676,-1.0152,-1.0983,-1.1864,-1.2797,-1.3785,-1.4832,-1.594,-1.7114,-1.8356,-1.9671,-2.1062,-2.2534,-2.4092,-2.574,-2.7483,-2.9328,-3.1279,-3.3342,-3.5525,-3.7833,-4.0274,-4.2856,-4.5587,-4.8474,-5.1528,-5.4757,-5.8171,-6.1782,-6.56,-6.9637,-7.3906,-7.842,-8.3192
0.048005,0.043451,0.037563,0.030319,0.021691,0.011645,0.00014575,-0.012849,-0.027386,-0.043513,-0.061286,-0.080765,-0.10201,-0.1251,-0.1501,-0.1771,-0.20618,-0.23744,-0.27096,-0.30687,-0.34528,-0.3863,-0.43006,-0.4767,-0.52638,-0.57923,-0.63544,-0.69516,-0.7586,-0.82594,-0.89741,-0.97321,-1.0536,-1.1388,-1.2291,-1.3247,-1.4261,-1.5334,-1.647,-1.7673,-1.8946,-2.0294,-2.172,-2.3229,-2.4825,-2.6515,-2.8302,-3.0192,-3.2192,-3.4307,-3.6544,-3.891,-4.1412,-4.4059,-4.6857,-4.9817,-5.2946,-5.6256,-5.9755,-6.3456,-6.7369,-7.1507,-7.5882,-8.0508,-8.5399
0.03806,0.033364,0.027311,0.019875,0.011029,0.0007367,-0.011038,-0.02434,-0.039214,-0.055712,-0.073892,-0.093813,-0.11554,-0.13915,-0.16471,-0.19232,-0.22205,-0.254,-0.28827,-0.32498,-0.36424,-0.40617,-0.4509,-0.49858,-0.54936,-0.60338,-0.66083,-0.72188,-0.78672,-0.85555,-0.92859,-1.0061,-1.0882,-1.1753,-1.2676,-1.3654,-1.4689,-1.5786,-1.6947,-1.8177,-1.9478,-2.0855,-2.2313,-2.3855,-2.5487,-2.7213,-2.904,-3.0972,-3.3015,-3.5177,-3.7463,-3.9881,-4.2438,-4.5142,-4.8002,-5.1027,-5.4225,-5.7607,-6.1183,-6.4965,-6.8964,-7.3192,-7.7663,-8.239,-8.7388
0.029228,0.024403,0.0182,0.010593,0.0015512,-0.00896,-0.02098,-0.034553,-0.049728,-0.066556,-0.085096,-0.10541,-0.12757,-0.15164,-0.1777,-0.20584,-0.23615,-0.26872,-0.30366,-0.34108,-0.38109,-0.42383,-0.46943,-0.51803,-0.56978,-0.62484,-0.6834,-0.74562,-0.81171,-0.88186,-0.95631,-1.0353,-1.119,-1.2077,-1.3018,-1.4014,-1.507,-1.6188,-1.7371,-1.8624,-1.995,-2.1354,-2.2839,-2.4411,-2.6074,-2.7834,-2.9695,-3.1664,-3.3746,-3.5949,-3.8279,-4.0743,-4.3349,-4.6105,-4.902,-5.2102,-5.5361,-5.8807,-6.2452,-6.6305,-7.038,-7.4689,-7.9244,-8.4061,-8.9154
0.02153,0.01659,0.010254,0.0024956,-0.0067164,-0.017419,-0.029653,-0.043463,-0.058899,-0.076015,-0.09487,-0.11553,-0.13805,-0.16253,-0.18902,-0.21763,-0.24844,-0.28156,-0.31707,-0.35511,-0.39579,-0.43923,-0.48558,-0.53498,-0.58758,-0.64356,-0.70307,-0.76632,-0.83349,-0.9048,-0.98047,-1.0607,-1.1458,-1.236,-1.3316,-1.4329,-1.5402,-1.6538,-1.7741,-1.9014,-2.0362,-2.1789,-2.3299,-2.4896,-2.6586,-2.8375,-3.0266,-3.2267,-3.4384,-3.6623,-3.8991,-4.1495,-4.4144,-4.6944,-4.9906,-5.3039,-5.6351,-5.9854,-6.3557,-6.7474,-7.1615,-7.5993,-8.0623,-8.5518,-9.0694
0.014984,0.0099425,0.003492,-0.0043951,-0.013752,-0.024618,-0.037033,-0.051044,-0.066703,-0.084063,-0.10319,-0.12413,-0.14698,-0.17179,-0.19866,-0.22767,-0.2589,-0.29248,-0.32849,-0.36705,-0.40829,-0.45233,-0.49932,-0.5494,-0.60273,-0.65947,-0.71981,-0.78393,-0.85202,-0.92431,-1.001,-1.0824,-1.1687,-1.2601,-1.357,-1.4597,-1.5684,-1.6836,-1.8055,-1.9346,-2.0713,-2.2159,-2.3689,-2.5308,-2.7022,-2.8835,-3.0752,-3.2781,-3.4926,-3.7196,-3.9596,-4.2134,-4.4819,-4.7658,-5.066,-5.3835,-5.7193,-6.0743,-6.4497,-6.8467,-7.2664,-7.7102,-8.1795,-8.6757,-9.2003
0.0096073,0.0044784,-0.0020677,-0.010061,-0.019537,-0.030536,-0.0431,-0.057277,-0.073118,-0.090679,-0.11002,-0.13121,-0.15431,-0.17941,-0.20658,-0.23591,-0.2675,-0.30145,-0.33787,-0.37686,-0.41856,-0.4631,-0.51061,-0.56125,-0.61518,-0.67255,-0.73356,-0.79839,-0.86725,-0.94034,-1.0179,-1.1002,-1.1874,-1.2799,-1.3779,-1.4817,-1.5916,-1.7081,-1.8314,-1.9619,-2.1,-2.2463,-2.401,-2.5647,-2.738,-2.9212,-3.1151,-3.3202,-3.5371,-3.7666,-4.0093,-4.2659,-4.5374,-4.8244,-5.128,-5.449,-5.7884,-6.1474,-6.5269,-6.9283,-7.3527,-7.8014,-8.2758,-8.7775,-9.3079
0.0054117,0.00021138,-0.0064101,-0.014487,-0.024055,-0.035158,-0.047837,-0.062143,-0.078126,-0.095843,-0.11536,-0.13673,-0.16004,-0.18535,-0.21276,-0.24235,-0.27421,-0.30846,-0.34518,-0.38452,-0.42658,-0.4715,-0.51942,-0.5705,-0.62489,-0.68276,-0.74429,-0.80968,-0.87913,-0.95285,-1.0311,-1.1141,-1.202,-1.2953,-1.3941,-1.4988,-1.6097,-1.7272,-1.8515,-1.9832,-2.1225,-2.27,-2.426,-2.5912,-2.7659,-2.9507,-3.1463,-3.3531,-3.5719,-3.8033,-4.0481,-4.3069,-4.5807,-4.8702,-5.1763,-5.5001,-5.8424,-6.2044,-6.5872,-6.992,-7.4199,-7.8725,-8.351,-8.8569,-9.3918
0.0024076,-0.0028469,-0.0095228,-0.017658,-0.027293,-0.038469,-0.051231,-0.065628,-0.081713,-0.099542,-0.11918,-0.14068,-0.16414,-0.18961,-0.21719,-0.24696,-0.27902,-0.31347,-0.35043,-0.39,-0.43232,-0.47752,-0.52573,-0.57712,-0.63184,-0.69007,-0.75197,-0.81776,-0.88763,-0.96181,-1.0405,-1.124,-1.2125,-1.3063,-1.4058,-1.5111,-1.6227,-1.7408,-1.8659,-1.9984,-2.1386,-2.2869,-2.4439,-2.6101,-2.7859,-2.9718,-3.1686,-3.3767,-3.5968,-3.8296,-4.0758,-4.3362,-4.6117,-4.9029,-5.2109,-5.5366,-5.881,-6.2452,-6.6303,-7.0375,-7.4681,-7.9234,-8.4048,-8.9137,-9.4518
0.00060228,-0.0046869,-0.011395,-0.019566,-0.029239,-0.040459,-0.053271,-0.067724,-0.083869,-0.10177,-0.12147,-0.14306,-0.1666,-0.19217,-0.21985,-0.24973,-0.2819,-0.31648,-0.35357,-0.39329,-0.43577,-0.48113,-0.52952,-0.5811,-0.63602,-0.69445,-0.75659,-0.82262,-0.89274,-0.96718,-1.0462,-1.13,-1.2188,-1.313,-1.4128,-1.5185,-1.6305,-1.749,-1.8746,-2.0075,-2.1482,-2.2971,-2.4547,-2.6215,-2.7979,-2.9845,-3.182,-3.3908,-3.6117,-3.8454,-4.0925,-4.3539,-4.6303,-4.9226,-5.2317,-5.5586,-5.9043,-6.2698,-6.6563,-7.0649,-7.4971,-7.954,-8.4371,-8.9479,-9.488
0,-0.0053012,-0.01202,-0.020202,-0.029889,-0.041123,-0.053951,-0.068422,-0.084588,-0.10251,-0.12224,-0.14385,-0.16742,-0.19302,-0.22073,-0.25065,-0.28286,-0.31749,-0.35462,-0.39439,-0.43691,-0.48233,-0.53078,-0.58242,-0.63741,-0.69591,-0.75812,-0.82423,-0.89444,-0.96897,-1.0481,-1.1319,-1.2209,-1.3152,-1.4151,-1.5209,-1.633,-1.7518,-1.8775,-2.0106,-2.1514,-2.3005,-2.4583,-2.6252,-2.8019,-2.9887,-3.1864,-3.3955,-3.6167,-3.8506,-4.0981,-4.3597,-4.6365,-4.9291,-5.2386,-5.5659,-5.912,-6.2779,-6.6649,-7.0741,-7.5067,-7.9642,-8.4479,-8.9593,-9.5
0.00060228,-0.0046867,-0.011395,-0.019565,-0.029238,-0.040458,-0.053269,-0.067721,-0.083867,-0.10176,-0.12147,-0.14306,-0.16659,-0.19216,-0.21984,-0.24972,-0.2819,-0.31648,-0.35356,-0.39328,-0.43576,-0.48112,-0.52951,-0.58108,-0.636,-0.69444,-0.75657,-0.8226,-0.89272,-0.96716,-1.0462,-1.1299,-1.2188,-1.3129,-1.4127,-1.5184,-1.6304,-1.749,-1.8746,-2.0075,-2.1482,-2.2971,-2.4547,-2.6214,-2.7978,-2.9845,-3.1819,-3.3908,-3.6117,-3.8453,-4.0925,-4.3538,-4.6302,-4.9226,-5.2317,-5.5586,-5.9042,-6.2697,-6.6562,-7.0649,-7.497,-7.954,-8.4371,-8.9479,-9.488
0.0024076,-0.0028466,-0.0095221,-0.017657,-0.027291,-0.038466,-0.051228,-0.065624,-0.081708,-0.099536,-0.11917,-0.14068,-0.16413,-0.1896,-0.21717,-0.24694,-0.279,-0.31345,-0.35041,-0.38998,-0.4323,-0.47749,-0.52571,-0.57709,-0.63181,-0.69003,-0.75194,-0.81772,-0.88759,-0.96176,-1.0405,-1.1239,-1.2125,-1.3063,-1.4057,-1.511,-1.6226,-1.7408,-1.8659,-1.9983,-2.1385,-2.2869,-2.4439,-2.61,-2.7858,-2.9718,-3.1685,-3.3766,-3.5967,-3.8295,-4.0758,-4.3362,-4.6116,-4.9028,-5.2109,-5.5366,-5.881,-6.2452,-6.6303,-7.0375,-7.4681,-7.9234,-8.4047,-8.9137,-9.4518
0.0054117,0.00021183,-0.0064091,-0.014485,-0.024053,-0.035154,-0.047833,-0.062137,-0.078118,-0.095834,-0.11535,-0.13672,-0.16002,-0.18534,-0.21274,-0.24233,-0.27419,-0.30843,-0.34516,-0.38449,-0.42654,-0.47146,-0.51938,-0.57046,-0.62484,-0.68271,-0.74424,-0.80962,-0.87907,-0.95279,-1.031,-1.114,-1.202,-1.2952,-1.394,-1.4987,-1.6096,-1.7271,-1.8514,-1.9831,-2.1224,-2.2699,-2.4259,-2.5911,-2.7658,-2.9506,-3.1462,-3.353,-3.5718,-3.8032,-4.048,-4.3068,-4.5806,-4.8701,-5.1762,-5.5,-5.8423,-6.2043,-6.5871,-6.9919,-7.4199,-7.8724,-8.3509,-8.8568,-9.3918
0.0096073,0.004479,-0.0020663,-0.010059,-0.019534,-0.030531,-0.043094,-0.057269,-0.073108,-0.090667,-0.11001,-0.13119,-0.15429,-0.17939,-0.20655,-0.23588,-0.26747,-0.30142,-0.33783,-0.37682,-0.41852,-0.46305,-0.51056,-0.56119,-0.61511,-0.67249,-0.73349,-0.79832,-0.86717,-0.94026,-1.0178,-1.1001,-1.1873,-1.2798,-1.3777,-1.4816,-1.5915,-1.7079,-1.8312,-1.9618,-2.0999,-2.2461,-2.4009,-2.5646,-2.7378,-2.9211,-3.115,-3.3201,-3.537,-3.7665,-4.0091,-4.2658,-4.5372,-4.8243,-5.1279,-5.4489,-5.7883,-6.1473,-6.5269,-6.9282,-7.3526,-7.8013,-8.2758,-8.7774,-9.3079
0.014984,0.0099432,0.0034937,-0.0043922,-0.013748,-0.024612,-0.037025,-0.051034,-0.066691,-0.084048,-0.10317,-0.12411,-0.14695,-0.17177,-0.19863,-0.22763,-0.25887,-0.29243,-0.32844,-0.367,-0.40823,-0.45227,-0.49926,-0.54933,-0.60265,-0.65939,-0.71972,-0.78383,-0.85192,-0.92421,-1.0009,-1.0823,-1.1685,-1.26,-1.3569,-1.4595,-1.5683,-1.6834,-1.8054,-1.9345,-2.0711,-2.2157,-2.3687,-2.5307,-2.702,-2.8833,-3.075,-3.2779,-3.4924,-3.7194,-3.9594,-4.2133,-4.4817,-4.7656,-5.0659,-5.3834,-5.7191,-6.0742,-6.4496,-6.8466,-7.2663,-7.7102,-8.1795,-8.6757,-9.2003
0.02153,0.016591,0.010256,0.0024991,-0.0067113,-0.017412,-0.029643,-0.043451,-0.058884,-0.075997,-0.094849,-0.1155,-0.13803,-0.16249,-0.18899,-0.21759,-0.2484,-0.2815,-0.31702,-0.35505,-0.39572,-0.43916,-0.4855,-0.5349,-0.58749,-0.64346,-0.70297,-0.76621,-0.83338,-0.90468,-0.98034,-1.0606,-1.1457,-1.2359,-1.3315,-1.4328,-1.54,-1.6536,-1.7739,-1.9012,-2.036,-2.1787,-2.3297,-2.4894,-2.6584,-2.8373,-3.0264,-3.2265,-3.4382,-3.6621,-3.8989,-4.1493,-4.4142,-4.6943,-4.9905,-5.3037,-5.6349,-5.9852,-6.3556,-6.7472,-7.1614,-7.5992,-8.0622,-8.5518,-9.0694
0.029228,0.024404,0.018202,0.010597,0.001557,-0.0089518,-0.020969,-0.03454,-0.049711,-0.066536,-0.085072,-0.10538,-0.12753,-0.1516,-0.17766,-0.20579,-0.23609,-0.26866,-0.30359,-0.34101,-0.38101,-0.42375,-0.46934,-0.51793,-0.56967,-0.62473,-0.68328,-0.74549,-0.81157,-0.88172,-0.95616,-1.0351,-1.1188,-1.2076,-1.3016,-1.4013,-1.5068,-1.6186,-1.7369,-1.8622,-1.9948,-2.1352,-2.2837,-2.4409,-2.6072,-2.7831,-2.9693,-3.1661,-3.3744,-3.5947,-3.8277,-4.0741,-4.3347,-4.6103,-4.9018,-5.21,-5.5359,-5.8806,-6.245,-6.6304,-7.0379,-7.4688,-7.9244,-8.4061,-8.9154
0.03806,0.033365,0.027313,0.01988,0.011035,0.00074577,-0.011027,-0.024324,-0.039195,-0.05569,-0.073865,-0.093781,-0.11551,-0.13911,-0.16467,-0.19226,-0.22199,-0.25393,-0.2882,-0.3249,-0.36415,-0.40608,-0.4508,-0.49847,-0.54924,-0.60326,-0.6607,-0.72174,-0.78657,-0.8554,-0.92843,-1.0059,-1.088,-1.1751,-1.2674,-1.3651,-1.4687,-1.5784,-1.6945,-1.8174,-1.9475,-2.0853,-2.231,-2.3852,-2.5484,-2.7211,-2.9037,-3.0969,-3.3013,-3.5174,-3.746,-3.9878,-4.2436,-4.514,-4.8,-5.1025,-5.4223,-5.7605,-6.1182,-6.4964,-6.8962,-7.3191,-7.7662,-8.2389,-8.7388
0.048005,0.043452,0.037566,0.030324,0.021698,0.011655,0.00015884,-0.012833,-0.027365,-0.043488,-0.061256,-0.08073,-0.10197,-0.12506,-0.15005,-0.17704,-0.20612,-0.23736,-0.27089,-0.30679,-0.34518,-0.38619,-0.42995,-0.47658,-0.52625,-0.57909,-0.63529,-0.69501,-0.75843,-0.82577,-0.89722,-0.97301,-1.0534,-1.1386,-1.2289,-1.3245,-1.4258,-1.5331,-1.6467,-1.767,-1.8943,-2.0291,-2.1717,-2.3226,-2.4823,-2.6512,-2.8299,-3.0189,-3.2189,-3.4304,-3.6541,-3.8907,-4.1409,-4.4056,-4.6855,-4.9814,-5.2944,-5.6254,-5.9754,-6.3454,-6.7368,-7.1506,-7.5881,-8.0507,-8.5399
0.059039,0.054639,0.048935,0.041904,0.033519,0.023749,0.012557,-9.51E-05,-0.014253,-0.029964,-0.047281,-0.066264,-0.086974,-0.10948,-0.13385,-0.16017,-0.18852,-0.219,-0.25169,-0.2867,-0.32415,-0.36415,-0.40683,-0.45232,-0.50076,-0.5523,-0.60712,-0.66537,-0.72724,-0.79292,-0.86262,-0.93655,-1.015,-1.0981,-1.1861,-1.2794,-1.3783,-1.4829,-1.5938,-1.7111,-1.8353,-1.9668,-2.1059,-2.2531,-2.4089,-2.5737,-2.748,-2.9324,-3.1275,-3.3339,-3.5521,-3.783,-4.0271,-4.2853,-4.5584,-4.8471,-5.1525,-5.4754,-5.8169,-6.178,-6.5598,-6.9636,-7.3905,-7.8419,-8.3192
0.071136,0.0669,0.061392,0.05459,0.046467,0.036994,0.026136,0.013855,0.00010765,-0.015152,-0.031977,-0.050422,-0.070547,-0.09242,-0.11611,-0.1417,-0.16926,-0.19888,-0.23066,-0.26471,-0.30112,-0.34001,-0.3815,-0.42573,-0.47284,-0.52296,-0.57626,-0.6329,-0.69307,-0.75694,-0.82471,-0.89661,-0.97285,-1.0537,-1.1393,-1.23,-1.3262,-1.428,-1.5357,-1.6499,-1.7706,-1.8985,-2.0338,-2.177,-2.3285,-2.4887,-2.6583,-2.8377,-3.0274,-3.2281,-3.4404,-3.6649,-3.9024,-4.1535,-4.4191,-4.7,-4.997,-5.3111,-5.6432,-5.9945,-6.3659,-6.7586,-7.1739,-7.613,-8.0773
0.084265,0.080204,0.074906,0.06835,0.06051,0.051358,0.040861,0.028981,0.015678,0.00090621,-0.015383,-0.033245,-0.052738,-0.073925,-0.096875,-0.12166,-0.14837,-0.17707,-0.20787,-0.24086,-0.27614,-0.31383,-0.35404,-0.39691,-0.44256,-0.49113,-0.54279,-0.59769,-0.656,-0.71791,-0.7836,-0.85328,-0.92718,-1.0055,-1.0885,-1.1765,-1.2696,-1.3683,-1.4728,-1.5834,-1.7005,-1.8244,-1.9556,-2.0944,-2.2412,-2.3966,-2.561,-2.7348,-2.9188,-3.1133,-3.3191,-3.5368,-3.767,-4.0105,-4.2679,-4.5402,-4.8282,-5.1327,-5.4547,-5.7953,-6.1554,-6.5361,-6.9388,-7.3645,-7.8147
0.098396,0.09452,0.089445,0.08315,0.075612,0.066804,0.056692,0.045243,0.032417,0.01817,0.0024552,-0.01478,-0.033592,-0.054042,-0.076196,-0.10012,-0.12591,-0.15362,-0.18336,-0.21521,-0.24928,-0.28568,-0.32451,-0.36591,-0.41,-0.45691,-0.5068,-0.55982,-0.61614,-0.67593,-0.73938,-0.80669,-0.87806,-0.95372,-1.0339,-1.1189,-1.2088,-1.3042,-1.4051,-1.5119,-1.625,-1.7447,-1.8714,-2.0055,-2.1474,-2.2974,-2.4562,-2.6242,-2.8019,-2.9899,-3.1887,-3.3989,-3.6213,-3.8565,-4.1053,-4.3684,-4.6466,-4.9408,-5.2519,-5.5809,-5.9288,-6.2967,-6.6857,-7.0971,-7.5321
0.11349,0.10981,0.10497,0.098953,0.091736,0.083291,0.073591,0.0626,0.050282,0.036594,0.021492,0.004925,-0.013161,-0.032824,-0.054128,-0.077141,-0.10194,-0.1286,-0.1572,-0.18785,-0.22062,-0.25564,-0.293,-0.33283,-0.37524,-0.42038,-0.46839,-0.5194,-0.57359,-0.63112,-0.69218,-0.75694,-0.82562,-0.89842,-0.97558,-1.0573,-1.1439,-1.2356,-1.3328,-1.4356,-1.5444,-1.6596,-1.7816,-1.9106,-2.0471,-2.1916,-2.3444,-2.506,-2.6771,-2.858,-3.0493,-3.2517,-3.4657,-3.6921,-3.9315,-4.1848,-4.4525,-4.7357,-5.0352,-5.3519,-5.6868,-6.0409,-6.4154,-6.8114,-7.2301
0.12952,0.12604,0.12145,0.11572,0.10884,0.10078,0.091513,0.081006,0.069225,0.05613,0.041677,0.025818,0.0085023,-0.010327,-0.03073,-0.052772,-0.076525,-0.10206,-0.12947,-0.15883,-0.19023,-0.22378,-0.25958,-0.29774,-0.33839,-0.38164,-0.42764,-0.47653,-0.52846,-0.58359,-0.6421,-0.70417,-0.76999,-0.83977,-0.91371,-0.99206,-1.0751,-1.163,-1.256,-1.3546,-1.4589,-1.5693,-1.6862,-1.8099,-1.9407,-2.0792,-2.2257,-2.3806,-2.5446,-2.718,-2.9014,-3.0954,-3.3006,-3.5176,-3.7471,-3.9899,-4.2466,-4.5181,-4.8052,-5.1088,-5.4298,-5.7694,-6.1284,-6.5081,-6.9095
0.14645,0.14317,0.13883,0.13341,0.12688,0.11922,0.11041,0.10041,0.089199,0.076727,0.062957,0.047845,0.03134,0.01339,-0.0060632,-0.027082,-0.049733,-0.074089,-0.10023,-0.12823,-0.15818,-0.19019,-0.22434,-0.26075,-0.29952,-0.34079,-0.38467,-0.43132,-0.48086,-0.53347,-0.58929,-0.64852,-0.71132,-0.77789,-0.84845,-0.92322,-1.0024,-1.0863,-1.1751,-1.2692,-1.3687,-1.4741,-1.5856,-1.7036,-1.8285,-1.9606,-2.1004,-2.2483,-2.4048,-2.5702,-2.7453,-2.9305,-3.1263,-3.3334,-3.5525,-3.7842,-4.0292,-4.2883,-4.5624,-4.8522,-5.1586,-5.4827,-5.8254,-6.1878,-6.5711
0.16422,0.16116,0.15709,0.15198,0.14581,0.13858,0.13024,0.12078,0.11015,0.098332,0.085278,0.070947,0.055293,0.038265,0.019808,-0.0001369,-0.021633,-0.044748,-0.069557,-0.096137,-0.12457,-0.15495,-0.18737,-0.22194,-0.25875,-0.29793,-0.3396,-0.38388,-0.43093,-0.48087,-0.53388,-0.59011,-0.64975,-0.71297,-0.77997,-0.85096,-0.92617,-1.0058,-1.0902,-1.1795,-1.274,-1.3741,-1.48,-1.5921,-1.7107,-1.8362,-1.9689,-2.1094,-2.258,-2.4152,-2.5814,-2.7573,-2.9433,-3.14,-3.3481,-3.5682,-3.8009,-4.0471,-4.3074,-4.5827,-4.8738,-5.1817,-5.5072,-5.8515,-6.2156
0.1828,0.17996,0.17616,0.17137,0.16559,0.15879,0.15095,0.14204,0.13203,0.12089,0.10858,0.095065,0.080298,0.064232,0.046815,0.027992,0.0077024,-0.014118,-0.037538,-0.062632,-0.089479,-0.11816,-0.14878,-0.18141,-0.21618,-0.25317,-0.29252,-0.33435,-0.37877,-0.42595,-0.47601,-0.52912,-0.58544,-0.64515,-0.70843,-0.77549,-0.84652,-0.92176,-1.0014,-1.0858,-1.1751,-1.2696,-1.3696,-1.4755,-1.5876,-1.7061,-1.8315,-1.9642,-2.1046,-2.2531,-2.4101,-2.5763,-2.752,-2.9379,-3.1345,-3.3424,-3.5623,-3.7949,-4.0408,-4.301,-4.576,-4.8669,-5.1746,-5.4999,-5.8439
0.20215,0.19953,0.19601,0.19156,0.18616,0.17981,0.17248,0.16414,0.15477,0.14434,0.13281,0.12014,0.10629,0.091225,0.074889,0.057231,0.038196,0.017723,-0.0042531,-0.027802,-0.052997,-0.079918,-0.10865,-0.13928,-0.17191,-0.20664,-0.24358,-0.28284,-0.32454,-0.36883,-0.41582,-0.46568,-0.51856,-0.57461,-0.63402,-0.69698,-0.76367,-0.83431,-0.90911,-0.98831,-1.0722,-1.1609,-1.2548,-1.3543,-1.4595,-1.5708,-1.6885,-1.8131,-1.945,-2.0844,-2.2319,-2.3879,-2.553,-2.7275,-2.9121,-3.1074,-3.3139,-3.5324,-3.7634,-4.0077,-4.2661,-4.5393,-4.8283,-5.1338,-5.457
0.22221,0.21982,0.21658,0.21247,0.20748,0.20159,0.19479,0.18704,0.17833,0.16862,0.15789,0.1461,0.1332,0.11917,0.10396,0.087506,0.06977,0.050692,0.030211,0.0082638,-0.01522,-0.040313,-0.067096,-0.095652,-0.12607,-0.15845,-0.19288,-0.22949,-0.26837,-0.30966,-0.35348,-0.39997,-0.44927,-0.50154,-0.55694,-0.61564,-0.67783,-0.7437,-0.81345,-0.88731,-0.9655,-1.0483,-1.1359,-1.2286,-1.3267,-1.4305,-1.5403,-1.6566,-1.7795,-1.9096,-2.0471,-2.1927,-2.3466,-2.5094,-2.6816,-2.8638,-3.0564,-3.2602,-3.4757,-3.7036,-3.9446,-4.1995,-4.4691,-4.7542,-5.0557
0.24295,0.24079,0.23783,0.23407,0.22949,0.22407,0.21781,0.21067,0.20263,0.19368,0.18377,0.17288,0.16097,0.148,0.13394,0.11874,0.10234,0.084702,0.065766,0.045471,0.023755,0.00054762,-0.024223,-0.050634,-0.07877,-0.10872,-0.14057,-0.17443,-0.2104,-0.24859,-0.28913,-0.33214,-0.37775,-0.42611,-0.47736,-0.53167,-0.58921,-0.65016,-0.7147,-0.78303,-0.85538,-0.93197,-1.013,-1.0988,-1.1896,-1.2857,-1.3873,-1.4948,-1.6086,-1.729,-1.8563,-1.991,-2.1334,-2.2841,-2.4435,-2.6121,-2.7904,-2.979,-3.1785,-3.3894,-3.6125,-3.8485,-4.098,-4.3619,-4.641
0.2643,0.26237,0.2597,0.25629,0.25213,0.2472,0.24148,0.23497,0.22763,0.21944,0.21038,0.20041,0.18951,0.17764,0.16477,0.15084,0.13583,0.11967,0.10232,0.083725,0.063826,0.04256,0.01986,-0.0043444,-0.03013,-0.057578,-0.086773,-0.11781,-0.15078,-0.18579,-0.22295,-0.26237,-0.30418,-0.34851,-0.3955,-0.44529,-0.49804,-0.55392,-0.61309,-0.67574,-0.74207,-0.81229,-0.88661,-0.96527,-1.0485,-1.1366,-1.2298,-1.3284,-1.4327,-1.5431,-1.6598,-1.7834,-1.914,-2.0522,-2.1984,-2.353,-2.5165,-2.6895,-2.8724,-3.0659,-3.2706,-3.487,-3.7159,-3.958,-4.214
0.28622,0.28452,0.28214,0.27909,0.27535,0.27091,0.26576,0.25988,0.25324,0.24584,0.23765,0.22863,0.21876,0.20802,0.19636,0.18374,0.17014,0.1555,0.13978,0.12293,0.10489,0.085616,0.06504,0.043099,0.019723,-0.0051604,-0.031629,-0.059766,-0.08966,-0.1214,-0.1551,-0.19084,-0.22876,-0.26895,-0.31156,-0.35671,-0.40455,-0.45522,-0.50888,-0.5657,-0.62585,-0.68954,-0.75694,-0.82828,-0.90378,-0.98367,-1.0682,-1.1576,-1.2523,-1.3524,-1.4583,-1.5703,-1.6888,-1.8142,-1.9468,-2.0871,-2.2354,-2.3924,-2.5583,-2.7339,-2.9195,-3.1159,-3.3236,-3.5432,-3.7756
0.30866,0.30718,0.30509,0.3024,0.29909,0.29515,0.29057,0.28533,0.27942,0.27282,0.26551,0.25746,0.24865,0.23905,0.22863,0.21735,0.20519,0.1921,0.17804,0.16298,0.14685,0.12961,0.1112,0.091574,0.070663,0.048402,0.024722,-0.00045182,-0.027198,-0.0556,-0.085747,-0.11773,-0.15166,-0.18763,-0.22575,-0.26616,-0.30897,-0.35431,-0.40233,-0.45318,-0.50702,-0.56401,-0.62434,-0.68819,-0.75576,-0.82727,-0.90293,-0.98298,-1.0677,-1.1573,-1.2521,-1.3524,-1.4585,-1.5707,-1.6894,-1.815,-1.9478,-2.0883,-2.2369,-2.3941,-2.5603,-2.7362,-2.9221,-3.1188,-3.3268
0.33156,0.3303,0.32851,0.32617,0.32329,0.31986,0.31586,0.31127,0.30609,0.30031,0.29389,0.28682,0.27909,0.27065,0.26149,0.25159,0.24089,0.22938,0.21702,0.20377,0.18958,0.17442,0.15823,0.14096,0.12256,0.10297,0.082137,0.059986,0.03645,0.011456,-0.015074,-0.043224,-0.07308,-0.10474,-0.13829,-0.17386,-0.21153,-0.25144,-0.29371,-0.33847,-0.38586,-0.43603,-0.48913,-0.54534,-0.60483,-0.66778,-0.73439,-0.80487,-0.87944,-0.95833,-1.0418,-1.1301,-1.2235,-1.3223,-1.4269,-1.5374,-1.6544,-1.7781,-1.909,-2.0474,-2.1938,-2.3487,-2.5124,-2.6857,-2.8689
0.35486,0.35382,0.35232,0.35035,0.3479,0.34497,0.34155,0.33763,0.33319,0.32823,0.32272,0.31665,0.31,0.30275,0.29488,0.28635,0.27716,0.26725,0.25661,0.24521,0.23299,0.21994,0.206,0.19113,0.17528,0.15842,0.14047,0.12139,0.10112,0.079594,0.056742,0.032495,0.0067766,-0.020494,-0.049401,-0.080036,-0.11249,-0.14688,-0.18329,-0.22186,-0.26269,-0.30591,-0.35167,-0.40009,-0.45135,-0.50559,-0.56299,-0.62372,-0.68798,-0.75597,-0.8279,-0.904,-0.98451,-1.0697,-1.1598,-1.2551,-1.3559,-1.4625,-1.5753,-1.6946,-1.8209,-1.9543,-2.0955,-2.2449,-2.4028
0.37851,0.37769,0.37647,0.37486,0.37285,0.37043,0.3676,0.36434,0.36065,0.35652,0.35193,0.34687,0.34132,0.33527,0.32869,0.32157,0.31389,0.30561,0.29672,0.28718,0.27697,0.26605,0.25439,0.24195,0.2287,0.21459,0.19958,0.18362,0.16666,0.14864,0.12952,0.10923,0.087713,0.064894,0.040703,0.015066,-0.012097,-0.040872,-0.071349,-0.10362,-0.1378,-0.17397,-0.21227,-0.25281,-0.29571,-0.34111,-0.38916,-0.44,-0.4938,-0.55071,-0.61093,-0.67464,-0.74205,-0.81335,-0.88879,-0.96858,-1.053,-1.1423,-1.2368,-1.3367,-1.4424,-1.5542,-1.6724,-1.7975,-1.9298
0.40245,0.40184,0.40091,0.39966,0.39808,0.39617,0.39392,0.39134,0.3884,0.38511,0.38144,0.3774,0.37296,0.36812,0.36285,0.35715,0.35099,0.34436,0.33723,0.32958,0.32139,0.31264,0.30328,0.29331,0.28267,0.27135,0.25931,0.2465,0.23289,0.21843,0.20309,0.1868,0.16953,0.15121,0.13179,0.11121,0.089409,0.066309,0.041842,0.015932,-0.011503,-0.040549,-0.071297,-0.10384,-0.13829,-0.17475,-0.21333,-0.25415,-0.29735,-0.34306,-0.39142,-0.44259,-0.49672,-0.55399,-0.61458,-0.67867,-0.74648,-0.81821,-0.89409,-0.97436,-1.0593,-1.1491,-1.2441,-1.3446,-1.4509
0.42663,0.42623,0.42558,0.42468,0.42353,0.42213,0.42047,0.41855,0.41637,0.41392,0.41118,0.40816,0.40484,0.40122,0.39727,0.393,0.38838,0.3834,0.37805,0.37231,0.36616,0.35958,0.35256,0.34506,0.33707,0.32856,0.31951,0.30988,0.29965,0.28878,0.27725,0.265,0.25202,0.23824,0.22364,0.20817,0.19177,0.1744,0.156,0.13651,0.11588,0.094034,0.070908,0.046428,0.020517,-0.006906,-0.035927,-0.066639,-0.099136,-0.13352,-0.16991,-0.2084,-0.24913,-0.29223,-0.33782,-0.38605,-0.43707,-0.49106,-0.54816,-0.60858,-0.67249,-0.7401,-0.81162,-0.88727,-0.9673
0.45099,0.45078,0.4504,0.44985,0.44913,0.44824,0.44717,0.44592,0.44449,0.44288,0.44108,0.43908,0.43689,0.43448,0.43187,0.42903,0.42595,0.42264,0.41908,0.41525,0.41116,0.40677,0.40208,0.39708,0.39175,0.38608,0.38003,0.37361,0.36678,0.35952,0.35182,0.34364,0.33497,0.32577,0.31602,0.30569,0.29473,0.28313,0.27084,0.25782,0.24404,0.22944,0.21399,0.19764,0.18032,0.162,0.14261,0.12208,0.10036,0.077383,0.053065,0.027334,0.00010838,-0.028698,-0.059176,-0.091422,-0.12554,-0.16163,-0.19982,-0.24022,-0.28296,-0.32818,-0.37602,-0.42663,-0.48017
0.47547,0.47545,0.47533,0.47513,0.47483,0.47444,0.47395,0.47337,0.4727,0.47193,0.47106,0.47009,0.46902,0.46784,0.46655,0.46515,0.46362,0.46198,0.46021,0.45831,0.45627,0.45408,0.45174,0.44925,0.44659,0.44375,0.44073,0.43752,0.4341,0.43047,0.42662,0.42253,0.41819,0.41358,0.4087,0.40353,0.39804,0.39223,0.38608,0.37956,0.37266,0.36534,0.3576,0.34941,0.34073,0.33155,0.32183,0.31155,0.30066,0.28914,0.27695,0.26405,0.2504,0.23595,0.22066,0.20449,0.18737,0.16926,0.1501,0.12982,0.10836,0.085661,0.061638,0.036219,0.0093233
0.5,0.50016,0.50031,0.50044,0.50056,0.50066,0.50076,0.50084,0.50092,0.50099,0.50105,0.5011,0.50115,0.50119,0.50123,0.50127,0.5013,0.50132,0.50135,0.50137,0.50138,0.5014,0.50141,0.50142,0.50143,0.50144,0.50145,0.50145,0.50146,0.50146,0.50146,0.50146,0.50146,0.50146,0.50146,0.50145,0.50145,0.50144,0.50143,0.50142,0.50141,0.5014,0.50139,0.50137,0.50136,0.50134,0.50131,0.50129,0.50126,0.50123,0.5012,0.50116,0.50112,0.50107,0.50102,0.50096,0.50089,0.50082,0.50074,0.50065,0.50055,0.50043,0.5003,0.50016,0.5
0.52453,0.52487,0.52527,0.52573,0.52626,0.52685,0.52752,0.52826,0.52908,0.52998,0.53097,0.53204,0.53321,0.53447,0.53583,0.5373,0.53887,0.54057,0.54238,0.54432,0.54639,0.54861,0.55097,0.55348,0.55616,0.55901,0.56204,0.56526,0.56868,0.57231,0.57616,0.58025,0.58458,0.58918,0.59405,0.59922,0.60469,0.61048,0.61662,0.62311,0.63,0.63728,0.64499,0.65315,0.66179,0.67093,0.68061,0.69084,0.70168,0.71314,0.72526,0.73809,0.75166,0.76602,0.78121,0.79727,0.81426,0.83224,0.85125,0.87136,0.89263,0.91512,0.93891,0.96407,0.99068
0.54901,0.54951,0.55015,0.55093,0.55186,0.55294,0.55417,0.55557,0.55712,0.55885,0.56075,0.56284,0.56511,0.56758,0.57026,0.57315,0.57627,0.57962,0.58321,0.58706,0.59118,0.59559,0.60028,0.60529,0.61063,0.61631,0.62235,0.62877,0.6356,0.64284,0.65053,0.6587,0.66735,0.67653,0.68626,0.69658,0.70751,0.71908,0.73135,0.74433,0.75809,0.77265,0.78806,0.80438,0.82165,0.83993,0.85927,0.87975,0.90141,0.92433,0.94859,0.97426,1.0014,1.0301,1.0605,1.0927,1.1267,1.1627,1.2008,1.2411,1.2837,1.3287,1.3764,1.4268,1.4802
0.57337,0.57402,0.57489,0.57599,0.57731,0.57886,0.58065,0.58269,0.58497,0.58751,0.59032,0.59341,0.59678,0.60046,0.60444,0.60874,0.61339,0.61838,0.62374,0.62949,0.63564,0.64222,0.64924,0.65673,0.66471,0.6732,0.68223,0.69184,0.70205,0.71289,0.7244,0.73661,0.74956,0.7633,0.77786,0.7933,0.80966,0.82699,0.84534,0.86478,0.88537,0.90717,0.93024,0.95467,0.98053,1.0079,1.0369,1.0675,1.1,1.1343,1.1706,1.2091,1.2498,1.2928,1.3383,1.3865,1.4375,1.4914,1.5485,1.6089,1.6727,1.7403,1.8117,1.8873,1.9673
0.59755,0.59835,0.59944,0.60084,0.60255,0.60456,0.6069,0.60956,0.61256,0.61591,0.61961,0.62369,0.62815,0.633,0.63828,0.64398,0.65014,0.65676,0.66387,0.6715,0.67967,0.6884,0.69772,0.70766,0.71826,0.72954,0.74155,0.75431,0.76787,0.78228,0.79757,0.8138,0.83101,0.84927,0.86863,0.88915,0.91089,0.93392,0.95832,0.98417,1.0115,1.0405,1.0712,1.1037,1.1381,1.1745,1.213,1.2537,1.2969,1.3426,1.3909,1.442,1.4961,1.5534,1.6139,1.678,1.7459,1.8176,1.8935,1.9739,2.0588,2.1487,2.2438,2.3445,2.4509
0.62149,0.62243,0.62374,0.62543,0.6275,0.62997,0.63284,0.63612,0.63982,0.64396,0.64854,0.65359,0.65912,0.66515,0.6717,0.67878,0.68643,0.69466,0.70351,0.71299,0.72315,0.73401,0.74561,0.75798,0.77116,0.7852,0.80014,0.81602,0.8329,0.85083,0.86987,0.89007,0.91151,0.93424,0.95834,0.98388,1.0109,1.0396,1.07,1.1022,1.1363,1.1724,1.2106,1.251,1.2938,1.3392,1.3871,1.4379,1.4917,1.5485,1.6087,1.6724,1.7398,1.8112,1.8867,1.9665,2.051,2.1404,2.2351,2.3352,2.4411,2.5531,2.6717,2.7971,2.9298
0.64514,0.6462,0.64772,0.64969,0.65212,0.65503,0.65842,0.6623,0.66669,0.6716,0.67705,0.68306,0.68964,0.69682,0.70462,0.71306,0.72218,0.732,0.74255,0.75386,0.76598,0.77894,0.79278,0.80754,0.82328,0.84004,0.85787,0.87684,0.89699,0.9184,0.94113,0.96525,0.99085,1.018,1.0468,1.0773,1.1096,1.1439,1.1801,1.2186,1.2593,1.3024,1.348,1.3963,1.4475,1.5016,1.559,1.6196,1.6838,1.7518,1.8237,1.8998,1.9804,2.0656,2.1558,2.2513,2.3523,2.4592,2.5722,2.6919,2.8185,2.9525,3.0942,3.2442,3.4028
0.66844,0.66962,0.67132,0.67356,0.67634,0.67967,0.68357,0.68804,0.6931,0.69877,0.70507,0.71201,0.71962,0.72793,0.73696,0.74674,0.7573,0.76867,0.78089,0.79401,0.80806,0.82308,0.83912,0.85624,0.87449,0.89393,0.91461,0.9366,0.95997,0.9848,1.0112,1.0392,1.0688,1.1003,1.1337,1.1691,1.2066,1.2463,1.2884,1.333,1.3803,1.4303,1.4832,1.5393,1.5987,1.6615,1.728,1.7984,1.8729,1.9518,2.0353,2.1236,2.2171,2.3161,2.4208,2.5316,2.6489,2.773,2.9043,3.0432,3.1903,3.3458,3.5104,3.6846,3.8689
0.69134,0.69262,0.6945,0.697,0.70011,0.70385,0.70823,0.71328,0.71899,0.7254,0.73252,0.74038,0.749,0.75841,0.76864,0.77973,0.7917,0.8046,0.81846,0.83334,0.84928,0.86632,0.88453,0.90396,0.92467,0.94673,0.9702,0.99517,1.0217,1.0499,1.0798,1.1116,1.1453,1.181,1.2189,1.2591,1.3017,1.3468,1.3946,1.4453,1.4989,1.5557,1.6158,1.6795,1.7469,1.8183,1.8939,1.9738,2.0585,2.1481,2.2429,2.3433,2.4495,2.5619,2.6809,2.8068,2.9401,3.0811,3.2303,3.3883,3.5554,3.7322,3.9193,4.1173,4.3268
0.71378,0.71515,0.7172,0.71993,0.72336,0.7275,0.73236,0.73795,0.7443,0.75143,0.75935,0.7681,0.7777,0.78819,0.79959,0.81195,0.8253,0.83969,0.85516,0.87176,0.88955,0.90857,0.92889,0.95058,0.9737,0.99832,1.0245,1.0524,1.082,1.1135,1.1469,1.1824,1.22,1.26,1.3023,1.3472,1.3947,1.4451,1.4985,1.5551,1.615,1.6784,1.7456,1.8167,1.892,1.9717,2.0561,2.1455,2.24,2.3401,2.4461,2.5582,2.6769,2.8026,2.9355,3.0763,3.2252,3.3828,3.5496,3.7262,3.913,4.1107,4.3199,4.5413,4.7756
0.7357,0.73715,0.73936,0.74232,0.74605,0.75057,0.75588,0.76201,0.76897,0.77679,0.78549,0.7951,0.80566,0.81719,0.82974,0.84334,0.85803,0.87387,0.8909,0.90918,0.92877,0.94972,0.9721,0.99599,1.0215,1.0486,1.0775,1.1082,1.1408,1.1755,1.2123,1.2514,1.2929,1.3369,1.3835,1.433,1.4854,1.5409,1.5997,1.6621,1.7281,1.798,1.8721,1.9505,2.0335,2.1214,2.2144,2.3129,2.4171,2.5275,2.6443,2.768,2.8989,3.0374,3.1841,3.3393,3.5035,3.6774,3.8614,4.0562,4.2623,4.4804,4.7112,4.9555,5.214
0.75705,0.75858,0.76092,0.7641,0.76812,0.77299,0.77874,0.78538,0.79293,0.80142,0.81088,0.82133,0.83281,0.84535,0.859,0.87381,0.88981,0.90705,0.9256,0.94551,0.96685,0.98967,1.0141,1.0401,1.0678,1.0974,1.1289,1.1623,1.1979,1.2357,1.2758,1.3184,1.3636,1.4116,1.4624,1.5163,1.5735,1.634,1.6982,1.7661,1.8381,1.9143,1.995,2.0805,2.171,2.2668,2.3683,2.4757,2.5894,2.7098,2.8372,2.972,3.1148,3.2659,3.4259,3.5952,3.7744,3.9641,4.1649,4.3774,4.6023,4.8404,5.0923,5.3589,5.641
0.77778,0.77937,0.78185,0.78522,0.78951,0.79473,0.80089,0.80802,0.81614,0.82527,0.83545,0.84671,0.85908,0.8726,0.88733,0.90329,0.92055,0.93916,0.95918,0.98067,1.0037,1.0283,1.0547,1.0828,1.1127,1.1446,1.1786,1.2148,1.2532,1.294,1.3373,1.3833,1.4322,1.484,1.5389,1.5971,1.6588,1.7242,1.7935,1.8669,1.9446,2.027,2.1142,2.2065,2.3043,2.4078,2.5175,2.6335,2.7564,2.8864,3.0241,3.1699,3.3242,3.4875,3.6604,3.8434,4.0372,4.2423,4.4594,4.6891,4.9323,5.1898,5.4622,5.7506,6.0557
0.79785,0.79948,0.80208,0.80564,0.81018,0.81572,0.82228,0.82987,0.83853,0.84828,0.85915,0.87119,0.88441,0.89888,0.91463,0.93172,0.9502,0.97012,0.99156,1.0146,1.0392,1.0656,1.0938,1.1239,1.156,1.1902,1.2266,1.2653,1.3065,1.3502,1.3967,1.446,1.4983,1.5538,1.6126,1.675,1.7412,1.8112,1.8855,1.9642,2.0475,2.1358,2.2292,2.3282,2.433,2.544,2.6615,2.7859,2.9177,3.0571,3.2047,3.361,3.5265,3.7016,3.8871,4.0834,4.2912,4.5112,4.7441,4.9906,5.2515,5.5277,5.8201,6.1295,6.457
0.8172,0.81887,0.82156,0.82529,0.83007,0.83592,0.84285,0.85089,0.86006,0.8704,0.88193,0.89471,0.90875,0.92412,0.94086,0.95903,0.97867,0.99986,1.0227,1.0471,1.0734,1.1014,1.1314,1.1635,1.1976,1.234,1.2727,1.3139,1.3578,1.4043,1.4537,1.5062,1.5619,1.6209,1.6836,1.75,1.8204,1.8949,1.974,2.0577,2.1464,2.2404,2.3399,2.4453,2.5569,2.675,2.8001,2.9326,3.0728,3.2213,3.3786,3.545,3.7212,3.9078,4.1053,4.3144,4.5358,4.7702,5.0183,5.281,5.5591,5.8534,6.165,6.4948,6.8439
0.83578,0.83748,0.84026,0.84415,0.84915,0.85527,0.86255,0.87101,0.88067,0.89156,0.90373,0.91721,0.93204,0.94827,0.96596,0.98515,1.0059,1.0283,1.0524,1.0783,1.106,1.1357,1.1674,1.2013,1.2374,1.2759,1.3169,1.3605,1.4068,1.456,1.5083,1.5638,1.6227,1.6852,1.7515,1.8217,1.8962,1.9751,2.0587,2.1473,2.2412,2.3406,2.4459,2.5574,2.6755,2.8005,2.9329,3.0731,3.2216,3.3788,3.5452,3.7214,3.9079,4.1054,4.3146,4.536,4.7704,5.0187,5.2815,5.5597,5.8543,6.1661,6.4962,6.8457,7.2156
0.85355,0.85527,0.85813,0.86215,0.86735,0.87374,0.88135,0.89019,0.90031,0.91174,0.9245,0.93865,0.95423,0.97128,0.98986,1.01,1.0319,1.0554,1.0807,1.108,1.1371,1.1684,1.2017,1.2374,1.2754,1.3158,1.359,1.4048,1.4536,1.5053,1.5604,1.6188,1.6807,1.7465,1.8162,1.8901,1.9685,2.0515,2.1396,2.2328,2.3316,2.4362,2.547,2.6644,2.7887,2.9203,3.0597,3.2072,3.3635,3.529,3.7042,3.8897,4.0861,4.2941,4.5144,4.7476,4.9945,5.256,5.5328,5.826,6.1364,6.465,6.8129,7.1812,7.5711
0.87048,0.8722,0.87512,0.87927,0.88464,0.89127,0.89918,0.9084,0.91895,0.93087,0.94419,0.95897,0.97525,0.99308,1.0125,1.0336,1.0564,1.0811,1.1076,1.1361,1.1666,1.1993,1.2342,1.2715,1.3113,1.3537,1.3988,1.4468,1.4979,1.5521,1.6097,1.6709,1.7358,1.8046,1.8776,1.955,2.0371,2.1241,2.2162,2.3139,2.4173,2.5269,2.643,2.7659,2.8961,3.034,3.18,3.3346,3.4983,3.6716,3.8552,4.0496,4.2554,4.4734,4.7042,4.9486,5.2075,5.4816,5.7718,6.0792,6.4047,6.7493,7.1142,7.5005,7.9095
0.88651,0.88822,0.8912,0.89544,0.90098,0.90783,0.91602,0.92557,0.93652,0.94891,0.96276,0.97813,0.99507,1.0136,1.0339,1.0558,1.0796,1.1053,1.1329,1.1626,1.1944,1.2285,1.2649,1.3038,1.3452,1.3894,1.4365,1.4865,1.5397,1.5962,1.6563,1.72,1.7877,1.8595,1.9356,2.0163,2.1019,2.1925,2.2886,2.3904,2.4983,2.6126,2.7336,2.8618,2.9975,3.1413,3.2936,3.4548,3.6255,3.8063,3.9978,4.2006,4.4153,4.6428,4.8836,5.1387,5.4088,5.6949,5.9979,6.3187,6.6585,7.0184,7.3995,7.8029,8.2301
0.9016,0.9033,0.90631,0.91065,0.91633,0.92338,0.93182,0.94169,0.95301,0.96582,0.98016,0.99609,1.0136,1.0329,1.0539,1.0767,1.1013,1.128,1.1566,1.1874,1.2205,1.2558,1.2936,1.334,1.377,1.4229,1.4717,1.5237,1.5789,1.6376,1.7,1.7661,1.8364,1.9109,1.9899,2.0737,2.1626,2.2567,2.3565,2.4623,2.5743,2.6929,2.8186,2.9517,3.0927,3.242,3.4002,3.5677,3.745,3.9328,4.1318,4.3424,4.5655,4.8018,5.0521,5.3172,5.598,5.8954,6.2103,6.544,6.8974,7.2716,7.668,8.0877,8.5321
0.91573,0.91741,0.92044,0.92485,0.93065,0.93788,0.94655,0.95669,0.96835,0.98156,0.99636,1.0128,1.0309,1.0508,1.0725,1.096,1.1215,1.1491,1.1787,1.2106,1.2447,1.2813,1.3204,1.3621,1.4066,1.4541,1.5046,1.5583,1.6154,1.6761,1.7406,1.8091,1.8818,1.9588,2.0406,2.1273,2.2192,2.3166,2.4198,2.5292,2.6451,2.7678,2.8978,3.0356,3.1814,3.3359,3.4996,3.6729,3.8564,4.0508,4.2567,4.4747,4.7056,4.9502,5.2093,5.4838,5.7745,6.0825,6.4088,6.7544,7.1205,7.5083,7.919,8.3541,8.8147
0.92886,0.9305,0.93354,0.93801,0.94391,0.95129,0.96016,0.97056,0.98253,0.9961,1.0113,1.0282,1.0469,1.0673,1.0897,1.1139,1.1402,1.1686,1.1991,1.2319,1.2671,1.3048,1.3451,1.3881,1.434,1.4828,1.5349,1.5903,1.6492,1.7118,1.7782,1.8488,1.9237,2.0031,2.0874,2.1768,2.2715,2.3719,2.4783,2.5911,2.7105,2.8371,2.9711,3.1131,3.2635,3.4228,3.5915,3.7702,3.9594,4.1599,4.3722,4.5971,4.8353,5.0876,5.3549,5.6381,5.9381,6.2559,6.5926,6.9494,7.3274,7.7279,8.1521,8.6014,9.0773
0.94096,0.94255,0.94559,0.95009,0.95607,0.96358,0.97263,0.98326,0.9955,1.0094,1.025,1.0423,1.0615,1.0825,1.1054,1.1303,1.1573,1.1864,1.2178,1.2515,1.2876,1.3263,1.3677,1.4119,1.459,1.5092,1.5627,1.6196,1.6801,1.7444,1.8126,1.8851,1.9621,2.0437,2.1303,2.2221,2.3194,2.4226,2.5319,2.6477,2.7705,2.9005,3.0382,3.1842,3.3387,3.5024,3.6758,3.8594,4.0539,4.2599,4.4781,4.7093,4.9542,5.2136,5.4884,5.7796,6.0881,6.415,6.7614,7.1285,7.5175,7.9297,8.3665,8.8292,9.3192
0.95199,0.95353,0.95654,0.96106,0.96711,0.97472,0.98392,0.99475,1.0072,1.0214,1.0374,1.0551,1.0747,1.0962,1.1196,1.1451,1.1727,1.2025,1.2346,1.2691,1.3061,1.3458,1.3881,1.4334,1.4816,1.5331,1.5878,1.6461,1.708,1.7739,1.8438,1.9181,1.9969,2.0805,2.1691,2.2632,2.3628,2.4685,2.5805,2.6991,2.8248,2.958,3.0991,3.2485,3.4069,3.5745,3.7521,3.9403,4.1395,4.3506,4.5742,4.8111,5.062,5.3278,5.6095,5.908,6.2243,6.5595,6.9148,7.2913,7.6904,8.1134,8.5617,9.0367,9.5399
0.96194,0.96341,0.96638,0.9709,0.97699,0.98468,0.99402,1.005,1.0177,1.0322,1.0484,1.0665,1.0865,1.1084,1.1323,1.1583,1.1865,1.2169,1.2497,1.2849,1.3227,1.3632,1.4064,1.4526,1.5019,1.5544,1.6103,1.6698,1.7331,1.8003,1.8717,1.9475,2.028,2.1133,2.2039,2.2999,2.4017,2.5095,2.6239,2.7451,2.8734,3.0094,3.1535,3.3061,3.4678,3.6391,3.8205,4.0126,4.2161,4.4317,4.6601,4.9021,5.1585,5.4301,5.718,6.023,6.3463,6.689,7.0522,7.4373,7.8456,8.2784,8.7373,9.2235,9.7388
0.97077,0.97216,0.97508,0.97958,0.98569,0.99345,1.0029,1.014,1.0269,1.0416,1.0581,1.0765,1.0968,1.1191,1.1435,1.1699,1.1986,1.2296,1.263,1.2988,1.3373,1.3785,1.4225,1.4695,1.5197,1.5732,1.6301,1.6906,1.755,1.8235,1.8962,1.9734,2.0553,2.1422,2.2344,2.3322,2.4358,2.5457,2.6621,2.7855,2.9162,3.0547,3.2014,3.3568,3.5215,3.6958,3.8806,4.0763,4.2836,4.5032,4.7358,4.9823,5.2434,5.5202,5.8134,6.1243,6.4538,6.8031,7.1734,7.5661,7.9826,8.4243,8.8926,9.3892,9.9154
0.97847,0.97976,0.98261,0.98707,0.99318,1.001,1.0105,1.0218,1.0348,1.0497,1.0664,1.0851,1.1057,1.1283,1.153,1.1799,1.209,1.2405,1.2743,1.3107,1.3498,1.3916,1.4363,1.4841,1.535,1.5893,1.6471,1.7086,1.774,1.8435,1.9173,1.9957,2.0788,2.1671,2.2607,2.36,2.4652,2.5768,2.695,2.8203,2.953,3.0936,3.2426,3.4004,3.5676,3.7447,3.9324,4.1311,4.3416,4.5647,4.801,5.0513,5.3166,5.5977,5.8957,6.2116,6.5464,6.9015,7.278,7.6774,8.1011,8.5505,9.0274,9.5332,10.069
0.98502,0.9862,0.98895,0.99335,0.99945,1.0073,1.0169,1.0282,1.0414,1.0565,1.0734,1.0923,1.1131,1.136,1.161,1.1882,1.2177,1.2496,1.2839,1.3207,1.3603,1.4026,1.4479,1.4962,1.5478,1.6028,1.6613,1.7236,1.7898,1.8602,1.9349,2.0143,2.0985,2.1879,2.2827,2.3832,2.4898,2.6028,2.7225,2.8494,2.9838,3.1262,3.2771,3.4369,3.6063,3.7856,3.9757,4.177,4.3902,4.6161,4.8555,5.1091,5.3778,5.6627,5.9646,6.2847,6.624,6.9839,7.3657,7.7707,8.2006,8.6568,9.1411,9.6551,10.2
0.99039,0.99144,0.99408,0.9984,1.0045,1.0123,1.0219,1.0334,1.0467,1.0619,1.0789,1.098,1.119,1.1422,1.1674,1.1949,1.2247,1.2568,1.2915,1.3287,1.3686,1.4114,1.4571,1.506,1.5581,1.6136,1.6727,1.7356,1.8025,1.8736,1.9491,2.0292,2.1143,2.2046,2.3003,2.4019,2.5095,2.6236,2.7446,2.8727,3.0085,3.1524,3.3048,3.4662,3.6373,3.8185,4.0104,4.2138,4.4292,4.6574,4.8992,5.1555,5.427,5.7148,6.0199,6.3433,6.6863,7.0502,7.4362,7.8458,8.2807,8.7426,9.2333,9.7545,10.308
0.99459,0.99546,0.99795,1.0022,1.0082,1.0161,1.0257,1.0373,1.0506,1.0659,1.0831,1.1023,1.1235,1.1468,1.1722,1.1999,1.2299,1.2623,1.2972,1.3347,1.3749,1.418,1.4641,1.5133,1.5658,1.6217,1.6813,1.7446,1.812,1.8836,1.9597,2.0405,2.1262,2.2171,2.3136,2.4159,2.5244,2.6393,2.7612,2.8903,3.0271,3.172,3.3256,3.4883,3.6606,3.8432,4.0366,4.2414,4.4585,4.6885,4.9321,5.1903,5.464,5.754,6.0615,6.3875,6.7332,7.1,7.4892,7.9024,8.3413,8.8076,9.3035,9.831,10.392
0.99759,0.99822,1.0005,1.0047,1.0107,1.0186,1.0283,1.0398,1.0533,1.0686,1.0859,1.1052,1.1265,1.1499,1.1754,1.2033,1.2334,1.266,1.301,1.3387,1.3792,1.4225,1.4688,1.5182,1.5709,1.6272,1.687,1.7507,1.8184,1.8904,1.9668,2.048,2.1341,2.2255,2.3225,2.4253,2.5343,2.6498,2.7723,2.902,3.0395,3.1852,3.3395,3.503,3.6762,3.8597,4.054,4.2599,4.4781,4.7092,4.9541,5.2136,5.4887,5.7802,6.0893,6.417,6.7646,7.1334,7.5247,7.9403,8.3819,8.8513,9.3511,9.8837,10.452
0.9994,0.99965,1.0018,1.0059,1.0119,1.0198,1.0295,1.0411,1.0546,1.0699,1.0873,1.1066,1.1279,1.1514,1.177,1.2049,1.2351,1.2678,1.3029,1.3407,1.3813,1.4247,1.4711,1.5207,1.5735,1.6299,1.6899,1.7537,1.8216,1.8938,1.9704,2.0518,2.1381,2.2298,2.3269,2.43,2.5393,2.6551,2.7778,2.9079,3.0458,3.1918,3.3465,3.5104,3.684,3.868,4.0628,4.2692,4.4879,4.7197,4.9652,5.2253,5.5011,5.7934,6.1032,6.4318,6.7803,7.1501,7.5425,7.9593,8.4022,8.8734,9.3753,9.9116,10.488
