0,0,0,0,0,0,0,0,0,0,0,0,0,0,0,0,0,0,0,0,0,0,0,0,0,0,0,0,0,0,0,0,0,0,0,0,0,0,0,0,0,0,0,0,0,0,0,0,0,0,0,0,0,0,0,0,0,0,0,0,0,0,0,0,0
-8.62E-05,-0.0011635,-0.0025723,-0.004065,-0.005586,-0.0071246,-0.0086821,-0.010263,-0.011873,-0.013518,-0.015203,-0.016935,-0.01872,-0.020564,-0.022473,-0.024454,-0.026513,-0.028658,-0.030894,-0.03323,-0.035673,-0.038231,-0.040912,-0.043725,-0.046679,-0.049784,-0.053048,-0.056483,-0.060101,-0.063911,-0.067927,-0.072161,-0.076628,-0.08134,-0.086315,-0.091566,-0.097112,-0.10297,-0.10916,-0.1157,-0.12262,-0.12993,-0.13766,-0.14583,-0.15448,-0.16362,-0.1733,-0.18354,-0.19438,-0.20586,-0.21801,-0.23088,-0.24451,-0.25895,-0.27426,-0.29048,-0.30769,-0.32594,-0.3453,-0.36587,-0.38773,-0.41098,-0.43575,-0.46222,-0.49068
-0.00034419,-0.0028119,-0.0055598,-0.0084545,-0.011429,-0.014458,-0.017539,-0.020675,-0.023876,-0.02715,-0.030508,-0.033962,-0.037524,-0.041204,-0.045016,-0.048972,-0.053086,-0.05737,-0.061839,-0.066507,-0.07139,-0.076503,-0.081862,-0.087486,-0.093391,-0.099597,-0.10612,-0.11299,-0.12023,-0.12784,-0.13587,-0.14434,-0.15327,-0.1627,-0.17264,-0.18315,-0.19424,-0.20595,-0.21833,-0.23141,-0.24524,-0.25986,-0.27531,-0.29166,-0.30895,-0.32724,-0.34659,-0.36708,-0.38875,-0.4117,-0.436,-0.46174,-0.489,-0.51788,-0.54848,-0.58092,-0.61532,-0.65181,-0.69054,-0.73165,-0.77533,-0.82178,-0.87123,-0.92394,-0.98017
-0.00077208,-0.0046931,-0.0088148,-0.013095,-0.017489,-0.021976,-0.026551,-0.031218,-0.035987,-0.040872,-0.045887,-0.051048,-0.056373,-0.061878,-0.067581,-0.073502,-0.07966,-0.086074,-0.092765,-0.099756,-0.10707,-0.11473,-0.12276,-0.13118,-0.14003,-0.14933,-0.1591,-0.1694,-0.18023,-0.19165,-0.20368,-0.21637,-0.22975,-0.24387,-0.25878,-0.27451,-0.29113,-0.30869,-0.32724,-0.34684,-0.36756,-0.38947,-0.41263,-0.43713,-0.46304,-0.49045,-0.51945,-0.55014,-0.58263,-0.61702,-0.65343,-0.69199,-0.73284,-0.77611,-0.82196,-0.87057,-0.9221,-0.97676,-1.0348,-1.0963,-1.1617,-1.2312,-1.3051,-1.3837,-1.4673
-0.0013671,-0.0067387,-0.012256,-0.017922,-0.023722,-0.029644,-0.035688,-0.041862,-0.048178,-0.054653,-0.061306,-0.068157,-0.075227,-0.082541,-0.09012,-0.09799,-0.10618,-0.1147,-0.1236,-0.1329,-0.14263,-0.15282,-0.1635,-0.17471,-0.18648,-0.19885,-0.21186,-0.22556,-0.23998,-0.25517,-0.27118,-0.28807,-0.30588,-0.32467,-0.34451,-0.36545,-0.38757,-0.41094,-0.43562,-0.46171,-0.48929,-0.51844,-0.54927,-0.58187,-0.61636,-0.65284,-0.69143,-0.73228,-0.77551,-0.82128,-0.86974,-0.92105,-0.9754,-1.033,-1.094,-1.1587,-1.2272,-1.2999,-1.377,-1.4589,-1.5458,-1.6381,-1.7361,-1.8403,-1.9509
-0.002125,-0.008926,-0.015839,-0.022891,-0.030085,-0.037426,-0.044919,-0.052578,-0.060418,-0.068462,-0.07673,-0.085249,-0.094045,-0.10315,-0.11258,-0.12238,-0.13257,-0.1432,-0.15428,-0.16587,-0.17799,-0.19068,-0.20399,-0.21796,-0.23263,-0.24805,-0.26427,-0.28134,-0.29932,-0.31825,-0.33822,-0.35926,-0.38147,-0.40489,-0.42962,-0.45573,-0.48331,-0.51244,-0.54321,-0.57574,-0.61012,-0.64646,-0.68489,-0.72553,-0.76852,-0.814,-0.86211,-0.91303,-0.96692,-1.024,-1.0844,-1.1483,-1.2161,-1.2878,-1.3639,-1.4444,-1.5298,-1.6204,-1.7165,-1.8184,-1.9265,-2.0413,-2.1632,-2.2926,-2.4298
-0.0030408,-0.011244,-0.019541,-0.027968,-0.036545,-0.045287,-0.05421,-0.063331,-0.072673,-0.08226,-0.092121,-0.10228,-0.11278,-0.12365,-0.13491,-0.14661,-0.15879,-0.17148,-0.18473,-0.19858,-0.21306,-0.22823,-0.24415,-0.26084,-0.27838,-0.29682,-0.31621,-0.33662,-0.35811,-0.38075,-0.40462,-0.42979,-0.45634,-0.48435,-0.51392,-0.54514,-0.57811,-0.61295,-0.64975,-0.68864,-0.72975,-0.77321,-0.81916,-0.86776,-0.91916,-0.97353,-1.0311,-1.0919,-1.1564,-1.2246,-1.2968,-1.3732,-1.4542,-1.54,-1.6309,-1.7272,-1.8292,-1.9374,-2.0522,-2.1739,-2.3029,-2.4399,-2.5852,-2.7394,-2.9028
-0.0041085,-0.013683,-0.023343,-0.033129,-0.043072,-0.053197,-0.063527,-0.074088,-0.084906,-0.096012,-0.10744,-0.11922,-0.13139,-0.14399,-0.15706,-0.17064,-0.18477,-0.1995,-0.21488,-0.23095,-0.24777,-0.26538,-0.28386,-0.30325,-0.32362,-0.34503,-0.36755,-0.39125,-0.41621,-0.44251,-0.47023,-0.49946,-0.5303,-0.56284,-0.59719,-0.63345,-0.67175,-0.71221,-0.75496,-0.80013,-0.84788,-0.89836,-0.95173,-1.0082,-1.0679,-1.131,-1.1979,-1.2686,-1.3434,-1.4226,-1.5064,-1.5952,-1.6893,-1.7888,-1.8943,-2.0061,-2.1246,-2.2501,-2.3832,-2.5244,-2.6741,-2.8328,-3.0012,-3.1797,-3.3689
-0.005321,-0.016234,-0.02723,-0.038353,-0.049641,-0.061126,-0.07284,-0.084815,-0.097083,-0.10968,-0.12264,-0.13601,-0.14983,-0.16413,-0.17897,-0.19439,-0.21044,-0.22718,-0.24465,-0.26291,-0.28202,-0.30204,-0.32304,-0.34507,-0.36822,-0.39256,-0.41816,-0.4451,-0.47348,-0.50338,-0.53489,-0.56812,-0.60318,-0.64017,-0.67922,-0.72045,-0.76399,-0.80999,-0.85858,-0.90994,-0.96422,-1.0216,-1.0823,-1.1465,-1.2143,-1.2861,-1.3621,-1.4424,-1.5275,-1.6175,-1.7128,-1.8137,-1.9206,-2.0337,-2.1536,-2.2806,-2.4151,-2.5577,-2.7089,-2.8691,-3.039,-3.219,-3.41,-3.6123,-3.8268
-0.0066709,-0.018888,-0.031189,-0.043621,-0.056228,-0.069048,-0.082119,-0.095479,-0.10917,-0.12322,-0.13769,-0.15261,-0.16804,-0.18401,-0.20059,-0.21781,-0.23575,-0.25444,-0.27397,-0.29437,-0.31573,-0.33811,-0.36158,-0.38622,-0.4121,-0.43931,-0.46793,-0.49805,-0.52978,-0.5632,-0.59844,-0.6356,-0.6748,-0.71616,-0.75982,-0.80592,-0.8546,-0.90603,-0.96037,-1.0178,-1.0785,-1.1427,-1.2105,-1.2822,-1.3581,-1.4384,-1.5233,-1.6131,-1.7082,-1.8089,-1.9154,-2.0282,-2.1476,-2.274,-2.408,-2.5498,-2.7002,-2.8594,-3.0282,-3.2071,-3.3967,-3.5977,-3.8107,-4.0364,-4.2756
-0.0081496,-0.021635,-0.035207,-0.048916,-0.062811,-0.076935,-0.091333,-0.10605,-0.12112,-0.13661,-0.15254,-0.16899,-0.18598,-0.20359,-0.22186,-0.24085,-0.26062,-0.28124,-0.30276,-0.32527,-0.34883,-0.37352,-0.3994,-0.42658,-0.45513,-0.48515,-0.51672,-0.54996,-0.58496,-0.62184,-0.66072,-0.70172,-0.74497,-0.79061,-0.83878,-0.88964,-0.94336,-1.0001,-1.0601,-1.1234,-1.1904,-1.2612,-1.336,-1.4152,-1.4989,-1.5874,-1.6811,-1.7802,-1.8851,-1.9961,-2.1136,-2.238,-2.3697,-2.5091,-2.6568,-2.8132,-2.9789,-3.1545,-3.3405,-3.5376,-3.7464,-3.9677,-4.2022,-4.4507,-4.714
-0.0097484,-0.024463,-0.039269,-0.054221,-0.069369,-0.084764,-0.10045,-0.11649,-0.13292,-0.14979,-0.16716,-0.18508,-0.20361,-0.2228,-0.24272,-0.26343,-0.285,-0.30749,-0.33097,-0.35552,-0.38123,-0.40816,-0.43641,-0.46606,-0.49721,-0.52997,-0.56443,-0.6007,-0.6389,-0.67915,-0.72158,-0.76632,-0.81352,-0.86333,-0.91591,-0.97142,-1.03,-1.092,-1.1574,-1.2265,-1.2996,-1.3769,-1.4586,-1.5449,-1.6363,-1.7329,-1.8351,-1.9433,-2.0577,-2.1788,-2.307,-2.4427,-2.5864,-2.7385,-2.8995,-3.0701,-3.2508,-3.4421,-3.6449,-3.8597,-4.0872,-4.3283,-4.5838,-4.8544,-5.141
-0.011458,-0.027361,-0.043361,-0.059517,-0.075882,-0.092511,-0.10946,-0.12677,-0.14451,-0.16274,-0.1815,-0.20086,-0.22087,-0.24161,-0.26313,-0.28551,-0.30882,-0.33312,-0.35851,-0.38505,-0.41284,-0.44195,-0.47249,-0.50456,-0.53824,-0.57366,-0.61092,-0.65014,-0.69145,-0.73497,-0.78086,-0.82924,-0.88029,-0.93415,-0.991,-1.051,-1.1144,-1.1814,-1.2522,-1.3269,-1.406,-1.4895,-1.5778,-1.6712,-1.77,-1.8745,-1.985,-2.1019,-2.2256,-2.3565,-2.4951,-2.6418,-2.797,-2.9614,-3.1355,-3.3198,-3.515,-3.7217,-3.9407,-4.1726,-4.4183,-4.6786,-4.9543,-5.2464,-5.5557
-0.013268,-0.030316,-0.04747,-0.064788,-0.082329,-0.10015,-0.11831,-0.13687,-0.15588,-0.17541,-0.19552,-0.21627,-0.23772,-0.25995,-0.28303,-0.30703,-0.33202,-0.35809,-0.38531,-0.41378,-0.44358,-0.47482,-0.50758,-0.54197,-0.57811,-0.61611,-0.65608,-0.69816,-0.74248,-0.78918,-0.83841,-0.89033,-0.94509,-1.0029,-1.0639,-1.1283,-1.1963,-1.2682,-1.3441,-1.4243,-1.5091,-1.5987,-1.6935,-1.7937,-1.8996,-2.0117,-2.1303,-2.2557,-2.3884,-2.5288,-2.6774,-2.8347,-3.0012,-3.1774,-3.364,-3.5616,-3.7709,-3.9924,-4.2271,-4.4756,-4.7389,-5.0177,-5.313,-5.6258,-5.957
-0.01517,-0.033318,-0.05158,-0.070016,-0.088689,-0.10766,-0.12699,-0.14674,-0.16698,-0.18777,-0.20918,-0.23127,-0.25412,-0.27779,-0.30237,-0.32792,-0.35454,-0.38231,-0.41131,-0.44163,-0.47339,-0.50666,-0.54157,-0.57822,-0.61672,-0.65721,-0.69981,-0.74465,-0.79187,-0.84164,-0.8941,-0.94942,-1.0078,-1.0694,-1.1344,-1.203,-1.2755,-1.3521,-1.433,-1.5184,-1.6088,-1.7043,-1.8052,-1.912,-2.0249,-2.1443,-2.2706,-2.4042,-2.5456,-2.6951,-2.8534,-3.021,-3.1983,-3.386,-3.5847,-3.7951,-4.0178,-4.2537,-4.5035,-4.768,-5.0481,-5.3447,-5.6589,-5.9916,-6.3439
-0.017152,-0.036354,-0.055676,-0.075184,-0.094943,-0.11502,-0.13547,-0.15637,-0.17779,-0.19979,-0.22245,-0.24583,-0.27001,-0.29507,-0.32108,-0.34814,-0.37632,-0.40572,-0.43643,-0.46854,-0.50217,-0.53741,-0.57438,-0.61319,-0.65397,-0.69686,-0.74197,-0.78947,-0.83949,-0.8922,-0.94777,-1.0064,-1.0682,-1.1334,-1.2023,-1.275,-1.3517,-1.4328,-1.5185,-1.6091,-1.7048,-1.8059,-1.9128,-2.0259,-2.1455,-2.2719,-2.4057,-2.5471,-2.6968,-2.8552,-3.0228,-3.2001,-3.3879,-3.5865,-3.7969,-4.0195,-4.2552,-4.5048,-4.7691,-5.0489,-5.3452,-5.659,-5.9912,-6.3431,-6.7156
-0.019204,-0.03941,-0.059744,-0.080275,-0.10107,-0.1222,-0.14373,-0.16573,-0.18827,-0.21143,-0.23528,-0.25989,-0.28535,-0.31174,-0.33913,-0.36762,-0.3973,-0.42827,-0.46061,-0.49444,-0.52985,-0.56698,-0.60592,-0.64681,-0.68977,-0.73495,-0.78248,-0.83251,-0.88521,-0.94075,-0.99929,-1.061,-1.1262,-1.1949,-1.2674,-1.344,-1.4249,-1.5103,-1.6006,-1.696,-1.7968,-1.9033,-2.016,-2.1351,-2.261,-2.3942,-2.5351,-2.6841,-2.8417,-3.0085,-3.185,-3.3718,-3.5694,-3.7786,-4,-4.2344,-4.4825,-4.7452,-5.0233,-5.3178,-5.6295,-5.9596,-6.3092,-6.6792,-7.0711
-0.021316,-0.042474,-0.063769,-0.08527,-0.10705,-0.12918,-0.15173,-0.17478,-0.19839,-0.22265,-0.24764,-0.27343,-0.30011,-0.32776,-0.35646,-0.38632,-0.41743,-0.44988,-0.48378,-0.51924,-0.55637,-0.59528,-0.63611,-0.67898,-0.72402,-0.77138,-0.82121,-0.87367,-0.92893,-0.98715,-1.0485,-1.1133,-1.1815,-1.2536,-1.3297,-1.41,-1.4948,-1.5843,-1.679,-1.779,-1.8846,-1.9963,-2.1144,-2.2393,-2.3713,-2.5109,-2.6586,-2.8147,-2.98,-3.1548,-3.3397,-3.5354,-3.7425,-3.9617,-4.1937,-4.4392,-4.6991,-4.9743,-5.2655,-5.5739,-5.9004,-6.246,-6.6119,-6.9993,-7.4095
-0.023478,-0.045534,-0.067735,-0.090153,-0.11286,-0.13594,-0.15946,-0.18349,-0.20812,-0.23343,-0.2595,-0.2864,-0.31423,-0.34308,-0.37303,-0.40419,-0.43665,-0.47051,-0.50589,-0.5429,-0.58164,-0.62226,-0.66487,-0.70961,-0.75663,-0.80606,-0.85808,-0.91284,-0.97051,-1.0313,-1.0954,-1.1629,-1.2342,-1.3094,-1.3888,-1.4726,-1.5611,-1.6546,-1.7534,-1.8578,-1.9681,-2.0847,-2.2079,-2.3382,-2.476,-2.6217,-2.7758,-2.9387,-3.1111,-3.2935,-3.4865,-3.6907,-3.9067,-4.1353,-4.3773,-4.6334,-4.9045,-5.1914,-5.4951,-5.8166,-6.157,-6.5173,-6.8988,-7.3026,-7.7301
-0.025679,-0.048577,-0.071628,-0.094907,-0.11849,-0.14246,-0.16688,-0.19185,-0.21744,-0.24373,-0.27081,-0.29876,-0.32768,-0.35765,-0.38878,-0.42116,-0.4549,-0.4901,-0.52687,-0.56533,-0.60561,-0.64783,-0.69212,-0.73864,-0.78751,-0.8389,-0.89298,-0.9499,-1.0099,-1.073,-1.1397,-1.2099,-1.284,-1.3622,-1.4447,-1.5319,-1.6239,-1.7211,-1.8238,-1.9322,-2.0469,-2.1681,-2.2962,-2.4316,-2.5748,-2.7262,-2.8864,-3.0558,-3.2349,-3.4245,-3.625,-3.8371,-4.0616,-4.2991,-4.5505,-4.8165,-5.0981,-5.3961,-5.7115,-6.0454,-6.3989,-6.773,-7.169,-7.5883,-8.0321
-0.027907,-0.05159,-0.075433,-0.099515,-0.12391,-0.14871,-0.17399,-0.19982,-0.22631,-0.25352,-0.28155,-0.31048,-0.34042,-0.37145,-0.40368,-0.4372,-0.47213,-0.50858,-0.54666,-0.58649,-0.6282,-0.67192,-0.7178,-0.76597,-0.81658,-0.86981,-0.92582,-0.98477,-1.0469,-1.1123,-1.1813,-1.254,-1.3308,-1.4118,-1.4973,-1.5875,-1.6828,-1.7835,-1.8898,-2.0022,-2.1209,-2.2464,-2.379,-2.5193,-2.6676,-2.8244,-2.9902,-3.1655,-3.351,-3.5472,-3.7548,-3.9744,-4.2068,-4.4526,-4.7128,-4.9881,-5.2795,-5.5879,-5.9142,-6.2597,-6.6253,-7.0123,-7.422,-7.8557,-8.3147
-0.030152,-0.05456,-0.079135,-0.10396,-0.12911,-0.15468,-0.18074,-0.20739,-0.2347,-0.26276,-0.29167,-0.32152,-0.35241,-0.38442,-0.41767,-0.45226,-0.48831,-0.52591,-0.56521,-0.60631,-0.64936,-0.69448,-0.74182,-0.79153,-0.84377,-0.89871,-0.95651,-1.0174,-1.0814,-1.149,-1.2202,-1.2953,-1.3745,-1.4581,-1.5463,-1.6394,-1.7378,-1.8417,-1.9514,-2.0673,-2.1899,-2.3194,-2.4563,-2.601,-2.754,-2.9158,-3.0868,-3.2678,-3.4591,-3.6616,-3.8757,-4.1022,-4.3419,-4.5955,-4.8638,-5.1477,-5.4482,-5.7662,-6.1027,-6.4589,-6.8359,-7.2348,-7.6572,-8.1041,-8.5773
-0.032404,-0.057474,-0.082719,-0.10822,-0.13407,-0.16034,-0.18713,-0.21452,-0.24259,-0.27144,-0.30116,-0.33185,-0.36361,-0.39653,-0.43072,-0.4663,-0.50337,-0.54205,-0.58246,-0.62474,-0.66901,-0.71543,-0.76413,-0.81526,-0.869,-0.92551,-0.98497,-1.0476,-1.1135,-1.183,-1.2562,-1.3334,-1.4149,-1.5009,-1.5917,-1.6875,-1.7886,-1.8955,-2.0084,-2.1276,-2.2537,-2.3869,-2.5277,-2.6765,-2.8338,-3.0002,-3.1761,-3.3622,-3.559,-3.7671,-3.9873,-4.2202,-4.4666,-4.7273,-5.0032,-5.295,-5.6039,-5.9307,-6.2765,-6.6426,-7.0299,-7.4399,-7.8738,-8.3331,-8.8192
-0.03465,-0.060319,-0.086171,-0.11229,-0.13877,-0.16568,-0.19313,-0.22119,-0.24995,-0.27952,-0.30999,-0.34144,-0.37399,-0.40774,-0.4428,-0.47927,-0.51727,-0.55693,-0.59837,-0.64172,-0.68712,-0.73471,-0.78465,-0.83709,-0.8922,-0.95014,-1.0111,-1.0753,-1.1429,-1.2142,-1.2893,-1.3685,-1.452,-1.5402,-1.6333,-1.7315,-1.8353,-1.9448,-2.0606,-2.1829,-2.3121,-2.4487,-2.593,-2.7456,-2.9069,-3.0775,-3.2579,-3.4486,-3.6503,-3.8637,-4.0894,-4.3281,-4.5806,-4.8478,-5.1305,-5.4296,-5.746,-6.0809,-6.4353,-6.8103,-7.2071,-7.6271,-8.0716,-8.542,-9.0399
-0.03688,-0.063083,-0.089476,-0.11615,-0.14318,-0.17068,-0.19871,-0.22737,-0.25677,-0.28698,-0.31811,-0.35026,-0.38352,-0.41802,-0.45385,-0.49113,-0.52998,-0.57052,-0.61289,-0.65721,-0.70362,-0.75228,-0.80334,-0.85695,-0.9133,-0.97254,-1.0349,-1.1005,-1.1697,-1.2425,-1.3193,-1.4003,-1.4857,-1.5758,-1.671,-1.7714,-1.8775,-1.9895,-2.1079,-2.2329,-2.365,-2.5046,-2.6522,-2.8082,-2.9731,-3.1474,-3.3318,-3.5267,-3.7329,-3.951,-4.1816,-4.4255,-4.6836,-4.9566,-5.2455,-5.551,-5.8744,-6.2165,-6.5785,-6.9616,-7.3669,-7.7959,-8.2499,-8.7303,-9.2388
-0.039082,-0.065752,-0.09262,-0.11978,-0.14731,-0.1753,-0.20386,-0.23306,-0.263,-0.29379,-0.32551,-0.35827,-0.39217,-0.42733,-0.46385,-0.50185,-0.54145,-0.58278,-0.62597,-0.67115,-0.71847,-0.76808,-0.82013,-0.8748,-0.93224,-0.99265,-1.0562,-1.1231,-1.1936,-1.2679,-1.3462,-1.4287,-1.5158,-1.6077,-1.7047,-1.8071,-1.9153,-2.0295,-2.1501,-2.2776,-2.4122,-2.5546,-2.705,-2.864,-3.0321,-3.2098,-3.3977,-3.5964,-3.8065,-4.0287,-4.2638,-4.5124,-4.7753,-5.0535,-5.3478,-5.6592,-5.9886,-6.3371,-6.7059,-7.0961,-7.509,-7.9459,-8.4083,-8.8976,-9.4154
-0.041244,-0.068312,-0.095588,-0.12316,-0.15112,-0.17955,-0.20856,-0.23822,-0.26865,-0.29992,-0.33216,-0.36545,-0.39991,-0.43565,-0.47277,-0.5114,-0.55166,-0.59367,-0.63758,-0.68352,-0.73163,-0.78206,-0.83499,-0.89056,-0.94897,-1.0104,-1.075,-1.1431,-1.2147,-1.2902,-1.3698,-1.4538,-1.5424,-1.6358,-1.7344,-1.8385,-1.9485,-2.0646,-2.1872,-2.3168,-2.4537,-2.5984,-2.7513,-2.913,-3.0838,-3.2645,-3.4555,-3.6574,-3.871,-4.0968,-4.3357,-4.5883,-4.8556,-5.1383,-5.4373,-5.7537,-6.0884,-6.4425,-6.8171,-7.2135,-7.633,-8.0768,-8.5465,-9.0435,-9.5694
-0.043352,-0.070752,-0.098366,-0.12628,-0.1546,-0.1834,-0.21278,-0.24284,-0.27367,-0.30537,-0.33804,-0.37178,-0.40671,-0.44294,-0.48057,-0.51974,-0.56056,-0.60316,-0.64768,-0.69426,-0.74304,-0.79419,-0.84786,-0.90421,-0.96344,-1.0257,-1.0913,-1.1603,-1.2329,-1.3095,-1.3902,-1.4754,-1.5652,-1.6599,-1.7599,-1.8655,-1.977,-2.0947,-2.2191,-2.3505,-2.4893,-2.636,-2.791,-2.9549,-3.1281,-3.3113,-3.5049,-3.7096,-3.9261,-4.1551,-4.3972,-4.6533,-4.9241,-5.2106,-5.5137,-5.8343,-6.1734,-6.5323,-6.9119,-7.3136,-7.7385,-8.1882,-8.664,-9.1675,-9.7003
-0.045396,-0.073057,-0.10094,-0.12913,-0.15773,-0.18683,-0.21652,-0.24689,-0.27805,-0.31009,-0.34312,-0.37724,-0.41255,-0.44918,-0.48724,-0.52684,-0.56812,-0.61121,-0.65623,-0.70334,-0.75269,-0.80442,-0.8587,-0.9157,-0.97561,-1.0386,-1.1049,-1.1747,-1.2482,-1.3257,-1.4073,-1.4934,-1.5842,-1.6801,-1.7812,-1.888,-2.0008,-2.1198,-2.2456,-2.3785,-2.5189,-2.6672,-2.824,-2.9897,-3.1649,-3.3501,-3.5459,-3.7529,-3.9718,-4.2033,-4.4481,-4.707,-4.9808,-5.2704,-5.5768,-5.9008,-6.2437,-6.6063,-6.99,-7.396,-7.8254,-8.2799,-8.7607,-9.2695,-9.8079
-0.047362,-0.075213,-0.10329,-0.1317,-0.16051,-0.18983,-0.21975,-0.25037,-0.28178,-0.31409,-0.34739,-0.3818,-0.41741,-0.45436,-0.49274,-0.53269,-0.57433,-0.61779,-0.66322,-0.71074,-0.76052,-0.81271,-0.86748,-0.92499,-0.98544,-1.049,-1.1159,-1.1863,-1.2605,-1.3386,-1.421,-1.5079,-1.5995,-1.6962,-1.7982,-1.906,-2.0197,-2.1398,-2.2667,-2.4008,-2.5424,-2.692,-2.8502,-3.0174,-3.1941,-3.3808,-3.5783,-3.7871,-4.0079,-4.2413,-4.4882,-4.7493,-5.0254,-5.3175,-5.6264,-5.9531,-6.2988,-6.6645,-7.0513,-7.4605,-7.8935,-8.3516,-8.8363,-9.3491,-9.8918
-0.049236,-0.077208,-0.10542,-0.13395,-0.16291,-0.19239,-0.22247,-0.25325,-0.28484,-0.31733,-0.35083,-0.38544,-0.42127,-0.45844,-0.49706,-0.53726,-0.57916,-0.62289,-0.6686,-0.71643,-0.76653,-0.81905,-0.87417,-0.93205,-0.99288,-1.0569,-1.1242,-1.195,-1.2697,-1.3483,-1.4312,-1.5187,-1.6109,-1.7082,-1.8109,-1.9193,-2.0338,-2.1547,-2.2824,-2.4173,-2.5598,-2.7104,-2.8695,-3.0377,-3.2155,-3.4034,-3.6021,-3.8122,-4.0343,-4.2691,-4.5175,-4.7801,-5.0579,-5.3517,-5.6624,-5.9911,-6.3387,-6.7065,-7.0955,-7.5071,-7.9425,-8.4032,-8.8905,-9.4062,-9.9518
-0.051006,-0.079027,-0.10729,-0.1359,-0.16493,-0.19448,-0.22465,-0.25552,-0.28721,-0.31981,-0.35342,-0.38815,-0.42411,-0.46141,-0.50017,-0.54052,-0.58258,-0.62649,-0.67237,-0.72039,-0.77068,-0.82341,-0.87875,-0.93686,-0.99793,-1.0622,-1.1297,-1.2009,-1.2758,-1.3548,-1.438,-1.5258,-1.6184,-1.7161,-1.8192,-1.928,-2.0429,-2.1643,-2.2925,-2.4279,-2.5709,-2.7221,-2.8818,-3.0507,-3.2291,-3.4178,-3.6172,-3.828,-4.0509,-4.2866,-4.5359,-4.7994,-5.0782,-5.373,-5.6847,-6.0145,-6.3633,-6.7323,-7.1226,-7.5355,-7.9723,-8.4345,-8.9234,-9.4406,-9.988
-0.052656,-0.080658,-0.10891,-0.13751,-0.16654,-0.1961,-0.22628,-0.25717,-0.28888,-0.3215,-0.35514,-0.38991,-0.42591,-0.46326,-0.50207,-0.54247,-0.58459,-0.62855,-0.67451,-0.72259,-0.77296,-0.82577,-0.88119,-0.93939,-1.0006,-1.0649,-1.1326,-1.2038,-1.2789,-1.358,-1.4413,-1.5292,-1.622,-1.7198,-1.8231,-1.9321,-2.0471,-2.1687,-2.297,-2.4326,-2.5759,-2.7273,-2.8872,-3.0563,-3.2349,-3.4238,-3.6235,-3.8346,-4.0578,-4.2937,-4.5432,-4.8071,-5.0861,-5.3812,-5.6933,-6.0234,-6.3726,-6.7419,-7.1326,-7.5458,-7.9829,-8.4454,-8.9347,-9.4523,-10
-0.054175,-0.082087,-0.11026,-0.13878,-0.16774,-0.19723,-0.22735,-0.25818,-0.28984,-0.32241,-0.356,-0.39072,-0.42667,-0.46397,-0.50274,-0.54309,-0.58517,-0.62909,-0.67499,-0.72303,-0.77335,-0.82611,-0.88148,-0.93963,-1.0007,-1.065,-1.1326,-1.2038,-1.2788,-1.3578,-1.4411,-1.5289,-1.6216,-1.7193,-1.8225,-1.9314,-2.0464,-2.1678,-2.296,-2.4315,-2.5746,-2.7258,-2.8856,-3.0544,-3.2329,-3.4216,-3.621,-3.8318,-4.0548,-4.2904,-4.5396,-4.8031,-5.0818,-5.3765,-5.6882,-6.0178,-6.3664,-6.7352,-7.1252,-7.5378,-7.9743,-8.436,-8.9245,-9.4412,-9.988
-0.055547,-0.0833,-0.11132,-0.13969,-0.16851,-0.19787,-0.22785,-0.25855,-0.29007,-0.32251,-0.35597,-0.39055,-0.42637,-0.46354,-0.50217,-0.54238,-0.5843,-0.62807,-0.67382,-0.7217,-0.77185,-0.82443,-0.87962,-0.93757,-0.99848,-1.0625,-1.1299,-1.2009,-1.2756,-1.3544,-1.4374,-1.5249,-1.6173,-1.7147,-1.8175,-1.926,-2.0406,-2.1616,-2.2894,-2.4244,-2.567,-2.7177,-2.8769,-3.0452,-3.223,-3.411,-3.6097,-3.8198,-4.0419,-4.2767,-4.525,-4.7875,-5.0652,-5.3587,-5.6692,-5.9976,-6.3449,-6.7122,-7.1007,-7.5117,-7.9464,-8.4062,-8.8927,-9.4074,-9.9518
-0.05676,-0.084286,-0.11209,-0.14024,-0.16885,-0.19799,-0.22777,-0.25826,-0.28958,-0.32181,-0.35505,-0.38942,-0.42502,-0.46195,-0.50035,-0.54032,-0.582,-0.62551,-0.67099,-0.71859,-0.76845,-0.82073,-0.87559,-0.93321,-0.99377,-1.0575,-1.1245,-1.195,-1.2693,-1.3476,-1.4302,-1.5172,-1.609,-1.7059,-1.8081,-1.916,-2.0299,-2.1502,-2.2772,-2.4114,-2.5532,-2.703,-2.8613,-3.0285,-3.2053,-3.3922,-3.5897,-3.7985,-4.0193,-4.2527,-4.4994,-4.7603,-5.0362,-5.328,-5.6365,-5.9629,-6.308,-6.673,-7.059,-7.4674,-7.8993,-8.3562,-8.8395,-9.3508,-9.8918
-0.057799,-0.085033,-0.11254,-0.14042,-0.16875,-0.19761,-0.2271,-0.25732,-0.28835,-0.32029,-0.35324,-0.38731,-0.4226,-0.45922,-0.49729,-0.53692,-0.57825,-0.6214,-0.6665,-0.7137,-0.76315,-0.815,-0.86941,-0.92656,-0.98662,-1.0498,-1.1162,-1.1862,-1.2599,-1.3376,-1.4194,-1.5057,-1.5968,-1.6928,-1.7942,-1.9012,-2.0142,-2.1335,-2.2595,-2.3926,-2.5332,-2.6817,-2.8387,-3.0045,-3.1798,-3.3651,-3.561,-3.768,-3.9869,-4.2182,-4.4629,-4.7216,-4.9951,-5.2843,-5.5902,-5.9137,-6.2558,-6.6176,-7.0002,-7.405,-7.8331,-8.286,-8.765,-9.2718,-9.8079
-0.058653,-0.085528,-0.11269,-0.14021,-0.16819,-0.1967,-0.22585,-0.2557,-0.28637,-0.31795,-0.35053,-0.38422,-0.41911,-0.45533,-0.49298,-0.53218,-0.57306,-0.61574,-0.66036,-0.70705,-0.75596,-0.80726,-0.86109,-0.91762,-0.97704,-1.0395,-1.1053,-1.1745,-1.2474,-1.3242,-1.4052,-1.4906,-1.5807,-1.6757,-1.776,-1.8818,-1.9936,-2.1116,-2.2362,-2.3679,-2.5069,-2.6539,-2.8091,-2.9732,-3.1466,-3.3298,-3.5235,-3.7283,-3.9447,-4.1736,-4.4155,-4.6714,-4.9418,-5.2279,-5.5303,-5.8502,-6.1885,-6.5462,-6.9246,-7.3247,-7.748,-8.1957,-8.6693,-9.1703,-9.7003
-0.05931,-0.085763,-0.1125,-0.13961,-0.16717,-0.19527,-0.22399,-0.25343,-0.28366,-0.3148,-0.34692,-0.38015,-0.41457,-0.45029,-0.48743,-0.52611,-0.56643,-0.60854,-0.65256,-0.69863,-0.7469,-0.79751,-0.85062,-0.90641,-0.96504,-1.0267,-1.0916,-1.1599,-1.2318,-1.3076,-1.3875,-1.4718,-1.5607,-1.6544,-1.7534,-1.8578,-1.9681,-2.0845,-2.2075,-2.3374,-2.4746,-2.6195,-2.7727,-2.9346,-3.1056,-3.2864,-3.4775,-3.6795,-3.893,-4.1188,-4.3574,-4.6098,-4.8766,-5.1587,-5.457,-5.7725,-6.1061,-6.459,-6.8321,-7.2268,-7.6442,-8.0857,-8.5528,-9.0468,-9.5694
-0.059758,-0.085727,-0.11199,-0.13861,-0.16569,-0.19331,-0.22154,-0.25048,-0.28021,-0.31083,-0.34242,-0.3751,-0.40896,-0.44411,-0.48065,-0.5187,-0.55838,-0.59982,-0.64314,-0.68847,-0.73597,-0.78577,-0.83805,-0.89294,-0.95064,-1.0113,-1.0752,-1.1424,-1.2132,-1.2878,-1.3664,-1.4494,-1.5368,-1.6291,-1.7265,-1.8293,-1.9378,-2.0523,-2.1734,-2.3012,-2.4362,-2.5788,-2.7295,-2.8888,-3.0571,-3.235,-3.423,-3.6218,-3.8319,-4.054,-4.2888,-4.537,-4.7995,-5.077,-5.3705,-5.6809,-6.009,-6.3561,-6.7232,-7.1114,-7.5219,-7.9562,-8.4156,-8.9015,-9.4154
-0.059987,-0.085412,-0.11113,-0.13721,-0.16375,-0.19081,-0.21849,-0.24686,-0.27602,-0.30604,-0.33704,-0.36909,-0.40231,-0.43679,-0.47265,-0.50998,-0.54892,-0.58958,-0.63209,-0.67659,-0.7232,-0.77208,-0.82338,-0.87726,-0.93389,-0.99344,-1.0561,-1.1221,-1.1916,-1.2648,-1.342,-1.4234,-1.5092,-1.5998,-1.6953,-1.7962,-1.9027,-2.0151,-2.1339,-2.2593,-2.3918,-2.5318,-2.6797,-2.836,-3.0011,-3.1757,-3.3602,-3.5552,-3.7613,-3.9793,-4.2096,-4.4532,-4.7107,-4.983,-5.271,-5.5754,-5.8974,-6.2379,-6.5979,-6.9787,-7.3815,-7.8075,-8.2581,-8.7347,-9.2388
-0.059989,-0.084811,-0.10993,-0.13541,-0.16134,-0.18779,-0.21484,-0.24258,-0.27109,-0.30045,-0.33077,-0.36212,-0.39462,-0.42835,-0.46343,-0.49997,-0.53807,-0.57786,-0.61946,-0.663,-0.70861,-0.75645,-0.80665,-0.85938,-0.91481,-0.97309,-1.0344,-1.099,-1.167,-1.2387,-1.3142,-1.3938,-1.4778,-1.5665,-1.66,-1.7587,-1.8629,-1.973,-2.0892,-2.2119,-2.3416,-2.4785,-2.6233,-2.7762,-2.9378,-3.1086,-3.2891,-3.4799,-3.6816,-3.8949,-4.1203,-4.3586,-4.6105,-4.8769,-5.1586,-5.4565,-5.7714,-6.1045,-6.4567,-6.8292,-7.2232,-7.6399,-8.0806,-8.5468,-9.0399
-0.059756,-0.083919,-0.10838,-0.1332,-0.15846,-0.18423,-0.2106,-0.23764,-0.26544,-0.29407,-0.32363,-0.35421,-0.38591,-0.41881,-0.45303,-0.48867,-0.52585,-0.56467,-0.60525,-0.64773,-0.69224,-0.73892,-0.78791,-0.83936,-0.89344,-0.95031,-1.0102,-1.0732,-1.1395,-1.2094,-1.2831,-1.3609,-1.4428,-1.5293,-1.6206,-1.7169,-1.8186,-1.9259,-2.0393,-2.1591,-2.2856,-2.4192,-2.5604,-2.7096,-2.8673,-3.0339,-3.2101,-3.3962,-3.593,-3.801,-4.0209,-4.2533,-4.4991,-4.759,-5.0337,-5.3243,-5.6315,-5.9563,-6.2999,-6.6632,-7.0475,-7.4539,-7.8837,-8.3383,-8.8192
-0.059282,-0.082733,-0.10648,-0.13058,-0.15511,-0.18015,-0.20577,-0.23205,-0.25906,-0.2869,-0.31564,-0.34537,-0.37619,-0.40819,-0.44147,-0.47613,-0.51228,-0.55004,-0.58951,-0.63083,-0.67413,-0.71953,-0.76718,-0.81723,-0.86983,-0.92516,-0.98337,-1.0447,-1.1092,-1.1772,-1.2489,-1.3245,-1.4043,-1.4884,-1.5771,-1.6708,-1.7697,-1.8742,-1.9845,-2.1009,-2.224,-2.354,-2.4913,-2.6364,-2.7898,-2.9518,-3.1231,-3.3042,-3.4955,-3.6978,-3.9117,-4.1377,-4.3767,-4.6294,-4.8966,-5.1791,-5.4779,-5.7938,-6.1278,-6.4811,-6.8547,-7.2498,-7.6677,-8.1097,-8.5773
-0.058564,-0.08125,-0.10422,-0.12755,-0.15131,-0.17555,-0.20037,-0.22582,-0.25199,-0.27896,-0.3068,-0.33562,-0.36549,-0.3965,-0.42876,-0.46235,-0.4974,-0.534,-0.57227,-0.61233,-0.6543,-0.69832,-0.74452,-0.79305,-0.84405,-0.89769,-0.95413,-1.0135,-1.0761,-1.1421,-1.2116,-1.2849,-1.3622,-1.4437,-1.5298,-1.6206,-1.7165,-1.8178,-1.9247,-2.0376,-2.1569,-2.2829,-2.4161,-2.5568,-2.7054,-2.8625,-3.0286,-3.2041,-3.3895,-3.5856,-3.7929,-4.012,-4.2437,-4.4886,-4.7476,-5.0214,-5.311,-5.6171,-5.9409,-6.2833,-6.6453,-7.0283,-7.4333,-7.8616,-8.3147
-0.057598,-0.07947,-0.10163,-0.12413,-0.14705,-0.17044,-0.19439,-0.21896,-0.24422,-0.27026,-0.29715,-0.32497,-0.35382,-0.38377,-0.41493,-0.44739,-0.48124,-0.5166,-0.55357,-0.59227,-0.63282,-0.67535,-0.71998,-0.76686,-0.81614,-0.86796,-0.92249,-0.97991,-1.0404,-1.1041,-1.1712,-1.2421,-1.3167,-1.3955,-1.4787,-1.5665,-1.6591,-1.7569,-1.8602,-1.9693,-2.0846,-2.2063,-2.3349,-2.4708,-2.6144,-2.7662,-2.9266,-3.0961,-3.2753,-3.4647,-3.6649,-3.8766,-4.1003,-4.3369,-4.5871,-4.8515,-5.1312,-5.4269,-5.7396,-6.0702,-6.4199,-6.7897,-7.1809,-7.5945,-8.0321
-0.056384,-0.077395,-0.098683,-0.12031,-0.14234,-0.16483,-0.18786,-0.21148,-0.23578,-0.26083,-0.2867,-0.31347,-0.34122,-0.37004,-0.40002,-0.43126,-0.46383,-0.49786,-0.53345,-0.5707,-0.60972,-0.65066,-0.69362,-0.73874,-0.78617,-0.83606,-0.88855,-0.94381,-1.002,-1.0633,-1.128,-1.1961,-1.268,-1.3439,-1.4239,-1.5084,-1.5976,-1.6917,-1.7911,-1.8961,-2.007,-2.1242,-2.248,-2.3788,-2.517,-2.6631,-2.8174,-2.9806,-3.153,-3.3353,-3.528,-3.7317,-3.947,-4.1747,-4.4154,-4.6699,-4.9389,-5.2235,-5.5244,-5.8425,-6.179,-6.5348,-6.9111,-7.3091,-7.7301
-0.054924,-0.075027,-0.0954,-0.1161,-0.13719,-0.15873,-0.18078,-0.20341,-0.22669,-0.25068,-0.27546,-0.30112,-0.32771,-0.35533,-0.38407,-0.414,-0.44523,-0.47785,-0.51196,-0.54766,-0.58507,-0.62431,-0.6655,-0.70876,-0.75423,-0.80205,-0.85237,-0.90534,-0.96114,-1.0199,-1.0819,-1.1472,-1.2162,-1.2889,-1.3656,-1.4466,-1.532,-1.6223,-1.7176,-1.8183,-1.9246,-2.0369,-2.1556,-2.2809,-2.4134,-2.5534,-2.7014,-2.8578,-3.0231,-3.1978,-3.3824,-3.5777,-3.784,-4.0022,-4.2329,-4.4768,-4.7347,-5.0074,-5.2958,-5.6007,-5.9231,-6.2641,-6.6247,-7.0061,-7.4095
-0.05322,-0.072373,-0.091786,-0.11151,-0.13162,-0.15215,-0.17318,-0.19476,-0.21696,-0.23984,-0.26348,-0.28796,-0.31333,-0.33969,-0.3671,-0.39567,-0.42547,-0.45659,-0.48915,-0.52322,-0.55893,-0.59638,-0.63568,-0.67697,-0.72037,-0.76601,-0.81404,-0.8646,-0.91786,-0.97397,-1.0331,-1.0955,-1.1613,-1.2307,-1.3039,-1.3812,-1.4628,-1.5489,-1.6399,-1.7359,-1.8374,-1.9446,-2.0578,-2.1775,-2.3039,-2.4375,-2.5787,-2.728,-2.8857,-3.0524,-3.2286,-3.4149,-3.6119,-3.8201,-4.0402,-4.2729,-4.519,-4.7792,-5.0543,-5.3453,-5.6529,-5.9782,-6.3223,-6.6862,-7.0711
-0.051278,-0.069438,-0.087849,-0.10656,-0.12563,-0.14511,-0.16506,-0.18554,-0.20661,-0.22834,-0.25078,-0.27402,-0.29811,-0.32313,-0.34917,-0.3763,-0.4046,-0.43416,-0.46507,-0.49744,-0.53135,-0.56692,-0.60425,-0.64347,-0.68469,-0.72804,-0.77366,-0.82169,-0.87227,-0.92557,-0.98175,-1.041,-1.1035,-1.1694,-1.2389,-1.3123,-1.3898,-1.4716,-1.558,-1.6493,-1.7457,-1.8475,-1.955,-2.0687,-2.1887,-2.3156,-2.4497,-2.5915,-2.7412,-2.8996,-3.0669,-3.2439,-3.4309,-3.6286,-3.8376,-4.0586,-4.2923,-4.5394,-4.8006,-5.0769,-5.369,-5.6779,-6.0046,-6.3502,-6.7156
-0.049104,-0.066232,-0.083599,-0.10125,-0.11925,-0.13763,-0.15646,-0.1758,-0.19569,-0.2162,-0.23739,-0.25933,-0.28209,-0.30572,-0.33031,-0.35593,-0.38267,-0.41059,-0.43979,-0.47037,-0.50241,-0.53601,-0.57128,-0.60833,-0.64727,-0.68823,-0.73133,-0.7767,-0.82449,-0.87485,-0.92792,-0.98389,-1.0429,-1.1052,-1.1709,-1.2402,-1.3134,-1.3907,-1.4724,-1.5586,-1.6496,-1.7458,-1.8474,-1.9547,-2.0682,-2.188,-2.3147,-2.4486,-2.5901,-2.7397,-2.8978,-3.0649,-3.2415,-3.4283,-3.6257,-3.8345,-4.0552,-4.2886,-4.5353,-4.7962,-5.0722,-5.3639,-5.6725,-5.9988,-6.3439
-0.046705,-0.062764,-0.079049,-0.095607,-0.11248,-0.12973,-0.1474,-0.16554,-0.1842,-0.20346,-0.22335,-0.24394,-0.2653,-0.28749,-0.31058,-0.33463,-0.35973,-0.38595,-0.41338,-0.44209,-0.47217,-0.50373,-0.53685,-0.57164,-0.60821,-0.64667,-0.68714,-0.72976,-0.77464,-0.82192,-0.87177,-0.92433,-0.97976,-1.0382,-1.0999,-1.1651,-1.2338,-1.3064,-1.383,-1.464,-1.5495,-1.6398,-1.7352,-1.836,-1.9425,-2.0551,-2.174,-2.2997,-2.4326,-2.573,-2.7215,-2.8784,-3.0443,-3.2196,-3.405,-3.601,-3.8082,-4.0273,-4.259,-4.504,-4.763,-5.037,-5.3266,-5.633,-5.957
-0.044091,-0.059046,-0.074213,-0.089636,-0.10536,-0.12143,-0.13789,-0.15479,-0.17219,-0.19014,-0.20868,-0.22788,-0.2478,-0.26849,-0.29001,-0.31245,-0.33585,-0.36031,-0.38588,-0.41266,-0.44072,-0.47015,-0.50104,-0.53349,-0.5676,-0.60347,-0.64122,-0.68097,-0.72283,-0.76693,-0.81343,-0.86245,-0.91415,-0.96869,-1.0262,-1.087,-1.1511,-1.2188,-1.2903,-1.3658,-1.4455,-1.5298,-1.6187,-1.7128,-1.8121,-1.9171,-2.028,-2.1452,-2.2692,-2.4001,-2.5386,-2.6849,-2.8396,-3.0031,-3.176,-3.3588,-3.552,-3.7563,-3.9724,-4.2008,-4.4424,-4.6978,-4.9679,-5.2536,-5.5557
-0.041273,-0.055091,-0.069105,-0.083358,-0.09789,-0.11274,-0.12796,-0.1436,-0.15969,-0.17628,-0.19343,-0.21119,-0.22962,-0.24876,-0.26868,-0.28943,-0.31109,-0.33372,-0.35738,-0.38216,-0.40813,-0.43536,-0.46395,-0.49398,-0.52554,-0.55874,-0.59368,-0.63046,-0.6692,-0.71001,-0.75304,-0.7984,-0.84625,-0.89672,-0.94998,-1.0062,-1.0655,-1.1282,-1.1943,-1.2642,-1.338,-1.4159,-1.4983,-1.5853,-1.6772,-1.7743,-1.877,-1.9855,-2.1002,-2.2213,-2.3494,-2.4848,-2.628,-2.7793,-2.9393,-3.1084,-3.2872,-3.4762,-3.6761,-3.8875,-4.111,-4.3473,-4.5972,-4.8615,-5.141
-0.038261,-0.05091,-0.063741,-0.076792,-0.0901,-0.10371,-0.11765,-0.13197,-0.14671,-0.16192,-0.17764,-0.19392,-0.21081,-0.22836,-0.24662,-0.26565,-0.28551,-0.30625,-0.32795,-0.35067,-0.37448,-0.39945,-0.42567,-0.4532,-0.48215,-0.51259,-0.54462,-0.57835,-0.61388,-0.65131,-0.69076,-0.73236,-0.77623,-0.82251,-0.87135,-0.9229,-0.97731,-1.0348,-1.0954,-1.1595,-1.2271,-1.2986,-1.3741,-1.4539,-1.5382,-1.6273,-1.7214,-1.8209,-1.926,-2.0371,-2.1546,-2.2787,-2.4099,-2.5487,-2.6954,-2.8504,-3.0143,-3.1877,-3.3709,-3.5647,-3.7696,-3.9863,-4.2154,-4.4577,-4.714
-0.035067,-0.046519,-0.058138,-0.069957,-0.082012,-0.094338,-0.10697,-0.11995,-0.13331,-0.1471,-0.16135,-0.17611,-0.19143,-0.20734,-0.2239,-0.24116,-0.25916,-0.27798,-0.29766,-0.31827,-0.33986,-0.36251,-0.38629,-0.41127,-0.43752,-0.46513,-0.49419,-0.52478,-0.557,-0.59095,-0.62674,-0.66447,-0.70427,-0.74625,-0.79055,-0.8373,-0.88665,-0.93876,-0.99378,-1.0519,-1.1133,-1.1781,-1.2466,-1.3189,-1.3954,-1.4762,-1.5615,-1.6518,-1.7471,-1.8479,-1.9544,-2.067,-2.186,-2.3119,-2.4449,-2.5855,-2.7342,-2.8914,-3.0576,-3.2333,-3.4191,-3.6156,-3.8234,-4.0432,-4.2756
-0.031704,-0.041933,-0.052312,-0.062873,-0.073648,-0.084667,-0.095964,-0.10757,-0.11952,-0.13186,-0.14461,-0.15781,-0.17152,-0.18575,-0.20057,-0.21602,-0.23214,-0.24898,-0.26659,-0.28503,-0.30436,-0.32463,-0.34592,-0.36827,-0.39177,-0.41649,-0.4425,-0.46988,-0.49872,-0.52911,-0.56114,-0.59492,-0.63054,-0.66811,-0.70777,-0.74961,-0.79379,-0.84043,-0.88968,-0.94169,-0.99662,-1.0546,-1.1159,-1.1807,-1.2491,-1.3214,-1.3979,-1.4786,-1.5639,-1.6541,-1.7495,-1.8503,-1.9568,-2.0694,-2.1885,-2.3143,-2.4474,-2.5881,-2.7368,-2.8941,-3.0604,-3.2363,-3.4222,-3.6189,-3.8268
-0.028182,-0.037165,-0.046282,-0.055562,-0.065032,-0.074721,-0.084655,-0.094865,-0.10538,-0.11623,-0.12745,-0.13907,-0.15113,-0.16366,-0.17671,-0.1903,-0.20449,-0.21931,-0.23482,-0.25106,-0.26807,-0.28592,-0.30465,-0.32434,-0.34502,-0.36678,-0.38968,-0.41379,-0.43918,-0.46593,-0.49413,-0.52386,-0.55522,-0.58831,-0.62321,-0.66006,-0.69895,-0.74001,-0.78336,-0.82915,-0.87751,-0.92859,-0.98255,-1.0396,-1.0998,-1.1635,-1.2307,-1.3018,-1.3769,-1.4564,-1.5403,-1.629,-1.7228,-1.8219,-1.9267,-2.0375,-2.1546,-2.2785,-2.4094,-2.5479,-2.6942,-2.849,-3.0127,-3.1858,-3.3689
-0.024515,-0.032231,-0.040066,-0.048045,-0.056191,-0.064528,-0.073079,-0.081869,-0.090923,-0.10027,-0.10993,-0.11994,-0.13033,-0.14113,-0.15236,-0.16408,-0.1763,-0.18907,-0.20243,-0.21642,-0.23108,-0.24646,-0.26261,-0.27956,-0.29739,-0.31614,-0.33587,-0.35664,-0.37852,-0.40158,-0.42588,-0.4515,-0.47852,-0.50702,-0.5371,-0.56885,-0.60236,-0.63774,-0.6751,-0.71455,-0.75622,-0.80024,-0.84674,-0.89586,-0.94777,-1.0026,-1.0606,-1.1218,-1.1866,-1.255,-1.3273,-1.4037,-1.4845,-1.57,-1.6603,-1.7557,-1.8566,-1.9633,-2.0762,-2.1954,-2.3216,-2.4549,-2.596,-2.7451,-2.9028
-0.020713,-0.027145,-0.033683,-0.040345,-0.047151,-0.054119,-0.061268,-0.06862,-0.076194,-0.084012,-0.092098,-0.10047,-0.10917,-0.1182,-0.12761,-0.13741,-0.14764,-0.15833,-0.16951,-0.18122,-0.19349,-0.20637,-0.21988,-0.23407,-0.249,-0.26469,-0.28121,-0.29859,-0.31691,-0.3362,-0.35654,-0.37799,-0.40061,-0.42447,-0.44965,-0.47622,-0.50427,-0.53389,-0.56516,-0.59818,-0.63306,-0.66991,-0.70883,-0.74995,-0.7934,-0.83931,-0.88782,-0.93909,-0.99328,-1.0505,-1.1111,-1.1751,-1.2427,-1.3142,-1.3898,-1.4697,-1.5541,-1.6435,-1.7379,-1.8377,-1.9433,-2.0549,-2.173,-2.2978,-2.4298
-0.016786,-0.021923,-0.027151,-0.032485,-0.037938,-0.043525,-0.049259,-0.055157,-0.061235,-0.067509,-0.073999,-0.080723,-0.087701,-0.094954,-0.1025,-0.11037,-0.11859,-0.12717,-0.13615,-0.14555,-0.1554,-0.16574,-0.17659,-0.18798,-0.19996,-0.21256,-0.22582,-0.23979,-0.25449,-0.26998,-0.28631,-0.30353,-0.3217,-0.34085,-0.36107,-0.38241,-0.40493,-0.42871,-0.45381,-0.48033,-0.50833,-0.53792,-0.56917,-0.60218,-0.63707,-0.67393,-0.71288,-0.75404,-0.79755,-0.84353,-0.89213,-0.9435,-0.9978,-1.0552,-1.1159,-1.18,-1.2479,-1.3196,-1.3954,-1.4755,-1.5603,-1.6499,-1.7447,-1.8449,-1.9509
-0.012744,-0.016579,-0.020492,-0.024492,-0.028584,-0.03278,-0.037089,-0.041521,-0.04609,-0.050807,-0.055686,-0.060742,-0.065989,-0.071443,-0.077121,-0.083039,-0.089216,-0.095671,-0.10242,-0.10949,-0.1169,-0.12468,-0.13284,-0.14141,-0.15042,-0.1599,-0.16987,-0.18037,-0.19143,-0.20308,-0.21536,-0.22831,-0.24197,-0.25638,-0.27159,-0.28763,-0.30457,-0.32246,-0.34134,-0.36128,-0.38234,-0.40459,-0.4281,-0.45293,-0.47917,-0.50689,-0.53619,-0.56715,-0.59987,-0.63445,-0.671,-0.70964,-0.75048,-0.79365,-0.83929,-0.88754,-0.93855,-0.99248,-1.0495,-1.1098,-1.1735,-1.2409,-1.3122,-1.3876,-1.4673
-0.008595,-0.01113,-0.013729,-0.016391,-0.01912,-0.021919,-0.024795,-0.027754,-0.030804,-0.033954,-0.037213,-0.040589,-0.044094,-0.047736,-0.051529,-0.055482,-0.059607,-0.063919,-0.068429,-0.073151,-0.0781,-0.083292,-0.088743,-0.094468,-0.10049,-0.10682,-0.11348,-0.12049,-0.12788,-0.13566,-0.14387,-0.15252,-0.16164,-0.17127,-0.18142,-0.19214,-0.20346,-0.2154,-0.22802,-0.24134,-0.25541,-0.27027,-0.28597,-0.30256,-0.32008,-0.3386,-0.35817,-0.37885,-0.40071,-0.42381,-0.44823,-0.47404,-0.50132,-0.53016,-0.56065,-0.59288,-0.62695,-0.66298,-0.70107,-0.74134,-0.78393,-0.82895,-0.87657,-0.92692,-0.98017
-0.0043452,-0.0055938,-0.0068864,-0.0082153,-0.0095791,-0.010979,-0.012418,-0.013898,-0.015424,-0.017001,-0.018631,-0.020321,-0.022075,-0.023898,-0.025796,-0.027774,-0.029839,-0.031997,-0.034254,-0.036617,-0.039094,-0.041693,-0.044421,-0.047286,-0.050298,-0.053467,-0.056801,-0.060311,-0.064008,-0.067904,-0.07201,-0.07634,-0.080906,-0.085724,-0.090807,-0.096172,-0.10184,-0.10781,-0.11413,-0.1208,-0.12784,-0.13528,-0.14314,-0.15144,-0.16021,-0.16948,-0.17928,-0.18963,-0.20057,-0.21214,-0.22436,-0.23728,-0.25094,-0.26538,-0.28064,-0.29678,-0.31383,-0.33187,-0.35094,-0.3711,-0.39242,-0.41497,-0.43881,-0.46402,-0.49068
0,1.18E-07,2.90E-07,5.16E-07,7.97E-07,1.13E-06,1.53E-06,1.98E-06,2.48E-06,3.05E-06,3.67E-06,4.35E-06,5.09E-06,5.89E-06,6.75E-06,7.67E-06,8.65E-06,9.70E-06,1.08E-05,1.20E-05,1.32E-05,1.45E-05,1.58E-05,1.72E-05,1.86E-05,2.02E-05,2.17E-05,2.33E-05,2.49E-05,2.66E-05,2.83E-05,3.01E-05,3.19E-05,3.36E-05,3.54E-05,3.72E-05,3.90E-05,4.07E-05,4.24E-05,4.41E-05,4.57E-05,4.72E-05,4.87E-05,5.00E-05,5.11E-05,5.22E-05,5.30E-05,5.36E-05,5.40E-05,5.41E-05,5.40E-05,5.35E-05,5.27E-05,5.14E-05,4.98E-05,4.77E-05,4.50E-05,4.18E-05,3.80E-05,3.36E-05,2.85E-05,2.26E-05,1.59E-05,8.42E-06,1.22E-15
0.0043452,0.005594,0.006887,0.0082163,0.0095806,0.010981,0.01242,0.013902,0.015429,0.017007,0.018639,0.02033,0.022085,0.02391,0.025809,0.027789,0.029856,0.032016,0.034275,0.036641,0.03912,0.041721,0.044451,0.04732,0.050335,0.053506,0.056843,0.060356,0.064057,0.067956,0.072066,0.076399,0.080969,0.08579,0.090877,0.096245,0.10191,0.1079,0.11421,0.12088,0.12793,0.13537,0.14323,0.15154,0.16031,0.16959,0.17938,0.18974,0.20068,0.21225,0.22447,0.23739,0.25104,0.26548,0.28074,0.29687,0.31392,0.33195,0.35102,0.37117,0.39248,0.41501,0.43884,0.46403,0.49068
0.008595,0.01113,0.013729,0.016392,0.019121,0.021921,0.024797,0.027757,0.030808,0.033959,0.037219,0.040597,0.044103,0.047747,0.051541,0.055495,0.059623,0.063936,0.068448,0.073173,0.078124,0.083319,0.088771,0.0945,0.10052,0.10685,0.11352,0.12054,0.12793,0.13571,0.14392,0.15257,0.1617,0.17133,0.18149,0.19221,0.20353,0.21548,0.2281,0.24142,0.25549,0.27036,0.28606,0.30265,0.32018,0.3387,0.35827,0.37895,0.40081,0.42391,0.44833,0.47414,0.50142,0.53026,0.56074,0.59297,0.62704,0.66306,0.70114,0.74141,0.78398,0.829,0.8766,0.92694,0.98017
0.012744,0.016579,0.020493,0.024492,0.028585,0.032781,0.03709,0.041524,0.046093,0.050811,0.055691,0.060748,0.065996,0.071452,0.077131,0.083051,0.08923,0.095686,0.10244,0.10951,0.11692,0.1247,0.13286,0.14144,0.15045,0.15993,0.1699,0.18041,0.19147,0.20312,0.21541,0.22836,0.24203,0.25644,0.27165,0.2877,0.30464,0.32252,0.34141,0.36136,0.38242,0.40467,0.42818,0.45301,0.47925,0.50698,0.53628,0.56724,0.59996,0.63454,0.67109,0.70973,0.75057,0.79374,0.83938,0.88762,0.93863,0.99255,1.0496,1.1098,1.1736,1.241,1.3122,1.3876,1.4673
0.016786,0.021923,0.027151,0.032485,0.037939,0.043525,0.04926,0.055158,0.061236,0.067511,0.074002,0.080727,0.087706,0.09496,0.10251,0.11038,0.1186,0.12718,0.13616,0.14556,0.15542,0.16575,0.17661,0.18801,0.19999,0.21259,0.22585,0.23982,0.25452,0.27002,0.28635,0.30358,0.32174,0.3409,0.36112,0.38246,0.40498,0.42876,0.45387,0.48039,0.5084,0.53798,0.56924,0.60226,0.63714,0.67401,0.71296,0.75412,0.79763,0.84361,0.89221,0.94358,0.99788,1.0553,1.116,1.1801,1.2479,1.3196,1.3954,1.4756,1.5603,1.65,1.7447,1.8449,1.9509
0.020713,0.027145,0.033682,0.040344,0.04715,0.054118,0.061268,0.068619,0.076194,0.084013,0.092099,0.10048,0.10917,0.11821,0.12761,0.13741,0.14765,0.15834,0.16952,0.18123,0.1935,0.20638,0.21989,0.23409,0.24901,0.26471,0.28123,0.29862,0.31693,0.33623,0.35657,0.37802,0.40064,0.42451,0.44969,0.47626,0.50432,0.53393,0.56521,0.59823,0.63312,0.66996,0.70889,0.75001,0.79346,0.83937,0.88789,0.93916,0.99334,1.0506,1.1111,1.1751,1.2428,1.3143,1.3898,1.4697,1.5542,1.6435,1.7379,1.8378,1.9433,2.0549,2.173,2.2978,2.4298
0.024515,0.03223,0.040065,0.048044,0.056189,0.064526,0.073077,0.081867,0.090921,0.10027,0.10993,0.11994,0.13033,0.14113,0.15236,0.16408,0.1763,0.18907,0.20244,0.21643,0.23109,0.24647,0.26261,0.27957,0.2974,0.31615,0.33588,0.35666,0.37854,0.40159,0.42589,0.45152,0.47854,0.50705,0.53713,0.56888,0.60239,0.63777,0.67513,0.71459,0.75626,0.80028,0.84678,0.89591,0.94781,1.0027,1.0606,1.1219,1.1866,1.255,1.3274,1.4038,1.4846,1.57,1.6603,1.7558,1.8567,1.9634,2.0762,2.1955,2.3216,2.455,2.596,2.7451,2.9028
0.028182,0.037164,0.04628,0.05556,0.065029,0.074717,0.084652,0.094861,0.10538,0.11623,0.12745,0.13907,0.15113,0.16366,0.1767,0.1903,0.20449,0.21931,0.23482,0.25105,0.26807,0.28592,0.30465,0.32433,0.34502,0.36678,0.38968,0.41379,0.43918,0.46593,0.49414,0.52387,0.55523,0.58831,0.62322,0.66007,0.69896,0.74002,0.78338,0.82916,0.87752,0.92861,0.98257,1.0396,1.0998,1.1635,1.2308,1.3018,1.377,1.4564,1.5403,1.629,1.7228,1.8219,1.9267,2.0375,2.1547,2.2785,2.4094,2.5479,2.6943,2.8491,3.0127,3.1858,3.3689
0.031704,0.041931,0.05231,0.06287,0.073644,0.084662,0.095958,0.10757,0.11952,0.13185,0.1446,0.15781,0.17151,0.18574,0.20056,0.21601,0.23212,0.24896,0.26658,0.28502,0.30435,0.32462,0.3459,0.36826,0.39176,0.41648,0.44248,0.46987,0.49871,0.5291,0.56113,0.59491,0.63053,0.6681,0.70776,0.74961,0.79378,0.84042,0.88967,0.94168,0.99661,1.0546,1.1159,1.1807,1.2491,1.3214,1.3979,1.4786,1.564,1.6542,1.7495,1.8503,1.9568,2.0694,2.1885,2.3143,2.4474,2.5881,2.7368,2.8941,3.0604,3.2363,3.4222,3.6189,3.8268
0.035067,0.046518,0.058135,0.069953,0.082006,0.094331,0.10696,0.11994,0.1333,0.14709,0.16134,0.1761,0.19141,0.20732,0.22388,0.24114,0.25915,0.27796,0.29764,0.31824,0.33984,0.36249,0.38626,0.41124,0.43749,0.46511,0.49416,0.52475,0.55697,0.59093,0.62671,0.66444,0.70424,0.74622,0.79052,0.83727,0.88662,0.93873,0.99375,1.0519,1.1132,1.1781,1.2465,1.3189,1.3954,1.4761,1.5615,1.6517,1.7471,1.8479,1.9544,2.067,2.186,2.3119,2.4449,2.5855,2.7342,2.8914,3.0576,3.2333,3.4191,3.6156,3.8234,4.0432,4.2756
0.038261,0.050908,0.063738,0.076786,0.090093,0.1037,0.11764,0.13196,0.1467,0.16191,0.17763,0.1939,0.21079,0.22834,0.2466,0.26562,0.28548,0.30622,0.32792,0.35064,0.37445,0.39942,0.42563,0.45317,0.48211,0.51255,0.54458,0.57831,0.61383,0.65126,0.69071,0.73231,0.77618,0.82246,0.8713,0.92285,0.97726,1.0347,1.0954,1.1594,1.2271,1.2986,1.3741,1.4538,1.5381,1.6272,1.7213,1.8208,1.9259,2.0371,2.1545,2.2787,2.4099,2.5486,2.6953,2.8504,3.0143,3.1876,3.3709,3.5647,3.7696,3.9863,4.2154,4.4577,4.714
0.041273,0.055088,0.069101,0.083351,0.097881,0.11273,0.12795,0.14358,0.15967,0.17626,0.19341,0.21117,0.22959,0.24873,0.26865,0.2894,0.31106,0.33368,0.35734,0.38212,0.40808,0.43531,0.4639,0.49393,0.52549,0.55869,0.59362,0.6304,0.66913,0.70995,0.75297,0.79833,0.84618,0.89665,0.94991,1.0061,1.0655,1.1281,1.1943,1.2641,1.3379,1.4159,1.4982,1.5852,1.6771,1.7743,1.8769,1.9854,2.1001,2.2213,2.3494,2.4848,2.6279,2.7792,2.9392,3.1083,3.2871,3.4762,3.6761,3.8874,4.1109,4.3473,4.5972,4.8615,5.141
0.044091,0.059044,0.074208,0.089628,0.10535,0.12141,0.13787,0.15478,0.17217,0.19011,0.20865,0.22785,0.24776,0.26845,0.28998,0.31241,0.33581,0.36026,0.38583,0.41261,0.44066,0.47009,0.50098,0.53342,0.56753,0.6034,0.64115,0.68089,0.72275,0.76685,0.81334,0.86235,0.91405,0.96859,1.0261,1.0869,1.151,1.2187,1.2902,1.3657,1.4454,1.5296,1.6186,1.7126,1.812,1.917,2.0279,2.1451,2.269,2.4,2.5385,2.6848,2.8395,3.003,3.1759,3.3587,3.5519,3.7563,3.9723,4.2008,4.4423,4.6978,4.9679,5.2536,5.5557
0.046705,0.062761,0.079043,0.095597,0.11247,0.12971,0.14738,0.16552,0.18418,0.20343,0.22332,0.24391,0.26526,0.28745,0.31053,0.33458,0.35968,0.3859,0.41332,0.44202,0.4721,0.50365,0.53677,0.57156,0.60812,0.64658,0.68705,0.72966,0.77453,0.82182,0.87166,0.92421,0.97964,1.0381,1.0998,1.1649,1.2337,1.3063,1.3829,1.4638,1.5493,1.6396,1.7351,1.8359,1.9424,2.0549,2.1739,2.2996,2.4325,2.5729,2.7213,2.8783,3.0441,3.2195,3.4049,3.6009,3.8081,4.0272,4.2589,4.5039,4.763,5.0369,5.3266,5.633,5.957
0.049104,0.066229,0.083592,0.10124,0.11923,0.13761,0.15644,0.17577,0.19566,0.21617,0.23736,0.25929,0.28204,0.30567,0.33026,0.35588,0.3826,0.41052,0.43972,0.47029,0.50233,0.53592,0.57119,0.60823,0.64717,0.68812,0.73121,0.77658,0.82437,0.87472,0.92779,0.98375,1.0428,1.105,1.1707,1.2401,1.3133,1.3906,1.4722,1.5584,1.6494,1.7456,1.8472,1.9546,2.068,2.1879,2.3145,2.4484,2.5899,2.7395,2.8976,3.0647,3.2414,3.4281,3.6256,3.8343,4.0551,4.2884,4.5352,4.7961,5.0721,5.3639,5.6724,5.9988,6.3439
0.051278,0.069434,0.08784,0.10655,0.12561,0.14509,0.16504,0.18551,0.20658,0.2283,0.25074,0.27397,0.29806,0.32308,0.34911,0.37623,0.40452,0.43408,0.46499,0.49735,0.53125,0.56682,0.60415,0.64336,0.68457,0.72791,0.77353,0.82155,0.87213,0.92542,0.98159,1.0408,1.1033,1.1692,1.2387,1.3121,1.3896,1.4714,1.5578,1.6491,1.7454,1.8472,1.9548,2.0684,2.1885,2.3154,2.4495,2.5912,2.741,2.8994,3.0667,3.2436,3.4307,3.6284,3.8375,4.0585,4.2922,4.5392,4.8005,5.0768,5.3689,5.6779,6.0046,6.3501,6.7156
0.05322,0.072368,0.091777,0.1115,0.1316,0.15213,0.17315,0.19472,0.21692,0.2398,0.26344,0.2879,0.31327,0.33962,0.36703,0.39559,0.42538,0.4565,0.48905,0.52312,0.55882,0.59626,0.63556,0.67684,0.72023,0.76587,0.81389,0.86444,0.91769,0.9738,1.0329,1.0953,1.1611,1.2305,1.3037,1.3809,1.4625,1.5487,1.6396,1.7357,1.8371,1.9443,2.0576,2.1772,2.3037,2.4373,2.5785,2.7277,2.8854,3.0521,3.2284,3.4147,3.6116,3.8198,4.04,4.2727,4.5188,4.779,5.0542,5.3451,5.6528,5.9781,6.3222,6.6862,7.0711
0.054924,0.075022,0.09539,0.11609,0.13717,0.1587,0.18075,0.20337,0.22664,0.25063,0.27541,0.30106,0.32765,0.35526,0.38399,0.41392,0.44514,0.47775,0.51185,0.54755,0.58495,0.62418,0.66536,0.70861,0.75407,0.80188,0.85219,0.90516,0.96095,1.0197,1.0817,1.147,1.2159,1.2886,1.3654,1.4463,1.5318,1.622,1.7173,1.818,1.9243,2.0366,2.1553,2.2807,2.4131,2.5531,2.7011,2.8575,3.0228,3.1975,3.3821,3.5774,3.7838,4.002,4.2327,4.4766,4.7345,5.0072,5.2956,5.6005,5.923,6.264,6.6246,7.0061,7.4095
0.056384,0.077389,0.098672,0.12029,0.14231,0.1648,0.18782,0.21144,0.23574,0.26077,0.28664,0.3134,0.34115,0.36996,0.39993,0.43116,0.46373,0.49775,0.53333,0.57057,0.60959,0.65051,0.69346,0.73858,0.786,0.83587,0.88835,0.9436,1.0018,1.0631,1.1278,1.1959,1.2678,1.3436,1.4236,1.5081,1.5973,1.6914,1.7908,1.8958,2.0067,2.1239,2.2477,2.3785,2.5167,2.6627,2.8171,2.9802,3.1527,3.335,3.5277,3.7314,3.9467,4.1744,4.4151,4.6696,4.9387,5.2232,5.5241,5.8423,6.1788,6.5347,6.911,7.3091,7.7301
0.057598,0.079464,0.10161,0.12411,0.14702,0.17041,0.19435,0.21891,0.24417,0.2702,0.29708,0.3249,0.35374,0.38369,0.41483,0.44728,0.48112,0.51647,0.55344,0.59213,0.63267,0.67518,0.71981,0.76668,0.81595,0.86776,0.92228,0.97968,1.0401,1.1038,1.171,1.2418,1.3165,1.3953,1.4784,1.5661,1.6588,1.7566,1.8599,1.969,2.0842,2.2059,2.3346,2.4705,2.6141,2.7658,2.9262,3.0957,3.2749,3.4643,3.6646,3.8762,4.1,4.3366,4.5867,4.8512,5.1309,5.4266,5.7393,6.07,6.4197,6.7896,7.1808,7.5945,8.0321
0.058564,0.081244,0.10421,0.12753,0.15128,0.17552,0.20033,0.22577,0.25193,0.27889,0.30673,0.33554,0.3654,0.3964,0.42865,0.46224,0.49728,0.53387,0.57213,0.61218,0.65414,0.69814,0.74433,0.79285,0.84384,0.89746,0.95389,1.0133,1.0759,1.1418,1.2113,1.2846,1.3619,1.4434,1.5295,1.6203,1.7162,1.8174,1.9243,2.0373,2.1565,2.2826,2.4157,2.5564,2.705,2.8621,3.0281,3.2036,3.3891,3.5852,3.7925,4.0116,4.2433,4.4883,4.7473,5.0211,5.3106,5.6168,5.9406,6.283,6.6451,7.0281,7.4332,7.8616,8.3147
0.059282,0.082726,0.10646,0.13056,0.15508,0.18012,0.20573,0.232,0.25901,0.28683,0.31556,0.34529,0.37609,0.40808,0.44135,0.476,0.51215,0.54989,0.58936,0.63067,0.67395,0.71934,0.76698,0.81701,0.86961,0.92492,0.98312,1.0444,1.1089,1.1769,1.2486,1.3242,1.4039,1.488,1.5768,1.6705,1.7694,1.8738,1.9841,2.1005,2.2236,2.3536,2.4909,2.636,2.7893,2.9514,3.1227,3.3037,3.4951,3.6974,3.9112,4.1373,4.3763,4.629,4.8962,5.1788,5.4775,5.7934,6.1275,6.4808,6.8545,7.2497,7.6676,8.1097,8.5773
0.059756,0.083912,0.10836,0.13318,0.15843,0.1842,0.21055,0.23759,0.26537,0.294,0.32355,0.35412,0.38581,0.4187,0.45291,0.48854,0.5257,0.56451,0.60509,0.64755,0.69205,0.73871,0.78769,0.83913,0.89319,0.95005,1.0099,1.0729,1.1392,1.2091,1.2828,1.3605,1.4425,1.5289,1.6202,1.7165,1.8182,1.9255,2.0389,2.1586,2.2851,2.4188,2.56,2.7092,2.8668,3.0335,3.2096,3.3957,3.5925,3.8005,4.0204,4.2529,4.4986,4.7585,5.0333,5.3239,5.6311,5.956,6.2996,6.6629,7.0472,7.4537,7.8836,8.3383,8.8192
0.059989,0.084803,0.10991,0.13539,0.16131,0.18775,0.21479,0.24252,0.27102,0.30038,0.33068,0.36203,0.39451,0.42824,0.4633,0.49983,0.53792,0.57769,0.61928,0.66281,0.70841,0.75623,0.80642,0.85914,0.91454,0.97281,1.0341,1.0987,1.1667,1.2383,1.3138,1.3935,1.4775,1.5661,1.6596,1.7583,1.8625,1.9725,2.0887,2.2114,2.3411,2.4781,2.6228,2.7757,2.9373,3.1081,3.2886,3.4794,3.6811,3.8943,4.1198,4.3581,4.61,4.8765,5.1582,5.456,5.771,6.1041,6.4564,6.8289,7.223,7.6397,8.0805,8.5467,9.0399
0.059987,0.085403,0.11111,0.13719,0.16372,0.19077,0.21844,0.2468,0.27594,0.30596,0.33694,0.36899,0.4022,0.43667,0.47251,0.50983,0.54876,0.58941,0.6319,0.67638,0.72298,0.77185,0.82313,0.877,0.93361,0.99315,1.0558,1.1218,1.1912,1.2644,1.3416,1.423,1.5088,1.5993,1.6949,1.7957,1.9022,2.0146,2.1334,2.2588,2.3913,2.5313,2.6792,2.8354,3.0006,3.1751,3.3596,3.5546,3.7608,3.9787,4.2091,4.4527,4.7102,4.9825,5.2705,5.575,5.8969,6.2375,6.5976,6.9784,7.3812,7.8073,8.2579,8.7346,9.2388
0.059758,0.085718,0.11197,0.13859,0.16566,0.19326,0.22149,0.25041,0.28013,0.31074,0.34233,0.37499,0.40884,0.44398,0.48051,0.51854,0.55821,0.59963,0.64294,0.68826,0.73574,0.78553,0.83779,0.89267,0.95035,1.011,1.0748,1.1421,1.2128,1.2874,1.366,1.4489,1.5364,1.6286,1.726,1.8288,1.9373,2.0518,2.1728,2.3006,2.4356,2.5783,2.729,2.8882,3.0565,3.2344,3.4224,3.6212,3.8313,4.0534,4.2882,4.5365,4.7989,5.0765,5.37,5.6804,6.0086,6.3557,6.7228,7.111,7.5217,7.956,8.4154,8.9014,9.4154
0.05931,0.085754,0.11248,0.13958,0.16714,0.19522,0.22393,0.25336,0.28358,0.31471,0.34682,0.38003,0.41444,0.45015,0.48728,0.52594,0.56626,0.60835,0.65236,0.69841,0.74666,0.79725,0.85035,0.90612,0.96473,1.0264,1.0912,1.1595,1.2314,1.3072,1.3871,1.4714,1.5602,1.654,1.7529,1.8573,1.9676,2.084,2.2069,2.3368,2.474,2.619,2.7721,2.934,3.105,3.2858,3.4769,3.6789,3.8924,4.1182,4.3568,4.6092,4.876,5.1582,5.4565,5.772,6.1057,6.4585,6.8317,7.2264,7.6439,8.0855,8.5526,9.0467,9.5694
0.058653,0.085519,0.11267,0.14018,0.16815,0.19665,0.22579,0.25563,0.28629,0.31786,0.35043,0.3841,0.41898,0.45519,0.49282,0.53201,0.57288,0.61554,0.66014,0.70682,0.75572,0.80699,0.8608,0.91732,0.97672,1.0392,1.1049,1.1741,1.247,1.3238,1.4048,1.4901,1.5802,1.6752,1.7755,1.8813,1.993,2.111,2.2357,2.3673,2.5063,2.6532,2.8085,2.9725,3.1459,3.3292,3.5229,3.7276,3.9441,4.173,4.4149,4.6707,4.9412,5.2273,5.5298,5.8497,6.188,6.5457,6.9241,7.3244,7.7477,8.1955,8.6692,9.1702,9.7003
0.057799,0.085023,0.11252,0.14039,0.16871,0.19756,0.22704,0.25724,0.28826,0.32019,0.35313,0.38719,0.42246,0.45907,0.49713,0.53675,0.57806,0.62119,0.66628,0.71347,0.7629,0.81473,0.86912,0.92625,0.98629,1.0494,1.1159,1.1858,1.2595,1.3371,1.419,1.5053,1.5963,1.6923,1.7937,1.9007,2.0136,2.1329,2.2589,2.392,2.5325,2.6811,2.838,3.0039,3.1792,3.3644,3.5603,3.7673,3.9862,4.2176,4.4622,4.7209,4.9945,5.2837,5.5896,5.9131,6.2553,6.6171,6.9998,7.4046,7.8328,8.2857,8.7648,9.2717,9.8079
0.05676,0.084276,0.11207,0.14021,0.16881,0.19794,0.22771,0.25819,0.28949,0.32171,0.35494,0.3893,0.42488,0.4618,0.50018,0.54014,0.5818,0.6253,0.67076,0.71834,0.76819,0.82045,0.87529,0.93289,0.99343,1.0571,1.1241,1.1946,1.2689,1.3472,1.4297,1.5167,1.6085,1.7053,1.8075,1.9154,2.0293,2.1496,2.2766,2.4108,2.5526,2.7023,2.8606,3.0279,3.2047,3.3915,3.589,3.7978,4.0186,4.252,4.4987,4.7597,5.0356,5.3274,5.6359,5.9623,6.3074,6.6725,7.0586,7.467,7.8989,8.3559,8.8393,9.3507,9.8918
0.055547,0.08329,0.1113,0.13966,0.16847,0.19781,0.22778,0.25847,0.28998,0.32241,0.35586,0.39043,0.42623,0.46338,0.502,0.54219,0.5841,0.62786,0.67359,0.72145,0.77158,0.82414,0.87931,0.93724,0.99813,1.0622,1.1295,1.2005,1.2752,1.3539,1.4369,1.5244,1.6168,1.7142,1.8169,1.9255,2.04,2.161,2.2888,2.4238,2.5664,2.717,2.8762,3.0445,3.2223,3.4103,3.609,3.8191,4.0412,4.276,4.5243,4.7869,5.0645,5.3581,5.6686,5.997,6.3443,6.7117,7.1002,7.5113,7.946,8.406,8.8925,9.4073,9.9518
0.054175,0.082076,0.11024,0.13875,0.1677,0.19718,0.22728,0.25811,0.28975,0.32231,0.35588,0.39059,0.42653,0.46381,0.50256,0.54291,0.58496,0.62886,0.67475,0.72277,0.77308,0.82582,0.88117,0.93929,1.0004,1.0646,1.1322,1.2034,1.2784,1.3574,1.4406,1.5284,1.6211,1.7188,1.8219,1.9308,2.0458,2.1672,2.2954,2.4308,2.5739,2.7251,2.8849,3.0537,3.2322,3.4209,3.6203,3.8311,4.054,4.2897,4.5389,4.8024,5.0811,5.3758,5.6875,6.0172,6.3659,6.7347,7.1248,7.5374,7.9739,8.4357,8.9243,9.4411,9.988
0.052656,0.080648,0.10889,0.13748,0.1665,0.19604,0.22621,0.25709,0.28879,0.3214,0.35503,0.38978,0.42576,0.4631,0.5019,0.54228,0.58438,0.62833,0.67426,0.72233,0.77268,0.82547,0.88087,0.93905,1.0002,1.0645,1.1322,1.2034,1.2784,1.3575,1.4408,1.5287,1.6214,1.7192,1.8225,1.9315,2.0465,2.168,2.2964,2.432,2.5752,2.7266,2.8865,3.0555,3.2342,3.4231,3.6227,3.8338,4.057,4.293,4.5425,4.8064,5.0854,5.3806,5.6927,6.0228,6.372,6.7414,7.1321,7.5454,7.9826,8.4451,8.9345,9.4522,10
0.051006,0.079017,0.10727,0.13586,0.16488,0.19442,0.22458,0.25544,0.28712,0.3197,0.3533,0.38801,0.42396,0.46125,0.5,0.54033,0.58237,0.62626,0.67213,0.72012,0.7704,0.82311,0.87842,0.93652,0.99757,1.0618,1.1293,1.2005,1.2754,1.3543,1.4375,1.5253,1.6179,1.7155,1.8186,1.9274,2.0423,2.1637,2.2918,2.4272,2.5703,2.7214,2.8811,3.0499,3.2284,3.417,3.6164,3.8273,4.0502,4.2859,4.5351,4.7987,5.0775,5.3723,5.6841,6.0139,6.3628,6.7318,7.1221,7.5351,7.972,8.4342,8.9232,9.4405,9.988
0.049236,0.077197,0.1054,0.13392,0.16287,0.19233,0.2224,0.25317,0.28475,0.31723,0.35071,0.3853,0.42112,0.45828,0.49688,0.53706,0.57895,0.62267,0.66836,0.71617,0.76625,0.81875,0.87385,0.93171,0.99252,1.0565,1.1238,1.1946,1.2692,1.3479,1.4307,1.5182,1.6104,1.7076,1.8103,1.9187,2.0332,2.154,2.2817,2.4166,2.5591,2.7096,2.8688,3.037,3.2147,3.4027,3.6014,3.8114,4.0335,4.2684,4.5168,4.7794,5.0572,5.351,5.6617,5.9904,6.3381,6.7059,7.095,7.5067,7.9421,8.4029,8.8903,9.4061,9.9518
0.047362,0.075203,0.10327,0.13166,0.16047,0.18978,0.21969,0.25029,0.28169,0.31398,0.34727,0.38166,0.41727,0.45419,0.49256,0.5325,0.57412,0.61757,0.66297,0.71048,0.76024,0.81241,0.86716,0.92465,0.98507,1.0486,1.1155,1.1859,1.26,1.3381,1.4205,1.5073,1.599,1.6956,1.7977,1.9054,2.0191,2.1392,2.2661,2.4001,2.5417,2.6913,2.8495,3.0166,3.1933,3.3801,3.5776,3.7864,4.0071,4.2406,4.4875,4.7486,5.0247,5.3168,5.6257,5.9525,6.2982,6.6639,7.0508,7.4601,7.8931,8.3513,8.8361,9.349,9.8918
0.045396,0.073046,0.10092,0.1291,0.15769,0.18678,0.21645,0.24682,0.27796,0.30999,0.343,0.37711,0.41241,0.44902,0.48706,0.52665,0.56791,0.61098,0.65599,0.70308,0.7524,0.80411,0.85838,0.91536,0.97525,1.0382,1.1045,1.1743,1.2477,1.3252,1.4068,1.4929,1.5837,1.6795,1.7807,1.8874,2.0001,2.1192,2.245,2.3778,2.5182,2.6665,2.8233,2.989,3.1642,3.3493,3.5451,3.7521,3.971,4.2025,4.4473,4.7062,4.9801,5.2697,5.5761,5.9002,6.2431,6.6058,6.9895,7.3955,7.8251,8.2796,8.7605,9.2694,9.8079
0.043352,0.070742,0.098345,0.12625,0.15456,0.18335,0.21272,0.24276,0.27358,0.30526,0.33792,0.37165,0.40657,0.44278,0.4804,0.51955,0.56035,0.60293,0.64744,0.694,0.74276,0.79389,0.84754,0.90388,0.96308,1.0253,1.0909,1.1598,1.2325,1.3091,1.3898,1.4749,1.5646,1.6594,1.7594,1.8649,1.9764,2.0941,2.2184,2.3498,2.4886,2.6353,2.7903,2.9542,3.1274,3.3105,3.5041,3.7089,3.9254,4.1543,4.3964,4.6525,4.9234,5.2099,5.513,5.8337,6.1729,6.5317,6.9114,7.3131,7.7382,8.1879,8.6638,9.1674,9.7003
0.041244,0.068302,0.095567,0.12313,0.15108,0.1795,0.20849,0.23815,0.26856,0.29982,0.33205,0.36533,0.39977,0.43549,0.4726,0.51121,0.55145,0.59345,0.63734,0.68326,0.73135,0.78177,0.83467,0.89023,0.94862,1.01,1.0746,1.1426,1.2143,1.2898,1.3694,1.4533,1.5418,1.6352,1.7338,1.8379,1.9479,2.064,2.1866,2.3161,2.453,2.5977,2.7506,2.9122,3.0831,3.2637,3.4547,3.6567,3.8702,4.0961,4.335,4.5876,4.8549,5.1376,5.4367,5.753,6.0878,6.4419,6.8166,7.2131,7.6326,8.0765,8.5463,9.0433,9.5694
0.039082,0.065742,0.0926,0.11975,0.14727,0.17525,0.20379,0.23299,0.26292,0.29369,0.3254,0.35814,0.39203,0.42718,0.46368,0.50167,0.54125,0.58257,0.62574,0.6709,0.7182,0.76779,0.81982,0.87447,0.93189,0.99228,1.0558,1.1227,1.1932,1.2674,1.3457,1.4282,1.5153,1.6072,1.7042,1.8066,1.9147,2.0289,2.1495,2.2769,2.4116,2.5539,2.7043,2.8633,3.0314,3.2091,3.397,3.5957,3.8058,4.028,4.2631,4.5117,4.7747,5.0529,5.3472,5.6586,5.988,6.3366,6.7054,7.0957,7.5086,7.9456,8.4081,8.8975,9.4154
0.03688,0.063073,0.089457,0.11612,0.14315,0.17062,0.19865,0.2273,0.25668,0.28688,0.318,0.35013,0.38339,0.41787,0.45368,0.49095,0.52978,0.57031,0.61266,0.65696,0.70336,0.752,0.80304,0.85663,0.91295,0.97218,1.0345,1.1001,1.1692,1.2421,1.3188,1.3998,1.4852,1.5753,1.6704,1.7709,1.8769,1.9889,2.1072,2.2322,2.3643,2.5039,2.6515,2.8075,2.9724,3.1467,3.3311,3.526,3.7322,3.9502,4.1809,4.4249,4.6829,4.956,5.2448,5.5505,5.8738,6.216,6.578,6.9611,7.3666,7.7956,8.2497,8.7302,9.2388
0.03465,0.06031,0.086152,0.11226,0.13873,0.16563,0.19307,0.22112,0.24987,0.27943,0.30988,0.34132,0.37386,0.4076,0.44264,0.47909,0.51708,0.55672,0.59815,0.64148,0.68686,0.73444,0.78436,0.83678,0.89186,0.94979,1.0107,1.0749,1.1425,1.2137,1.2888,1.368,1.4515,1.5397,1.6327,1.731,1.8347,1.9442,2.06,2.1822,2.3114,2.448,2.5923,2.7449,2.9062,3.0768,3.2572,3.4479,3.6496,3.863,4.0887,4.3274,4.58,4.8472,5.1299,5.429,5.7455,6.0804,6.4348,6.8099,7.2068,7.6268,8.0714,8.5419,9.0399
0.032404,0.057465,0.082701,0.1082,0.13403,0.1603,0.18707,0.21445,0.24251,0.27135,0.30106,0.33174,0.36348,0.39639,0.43057,0.46613,0.50318,0.54185,0.58225,0.62451,0.66877,0.71516,0.76384,0.81496,0.86868,0.92517,0.98461,1.0472,1.1131,1.1826,1.2558,1.333,1.4145,1.5004,1.5911,1.6869,1.7881,1.8949,2.0078,2.127,2.253,2.3862,2.527,2.6758,2.8332,2.9995,3.1755,3.3615,3.5583,3.7665,3.9866,4.2196,4.466,4.7267,5.0026,5.2945,5.6033,5.9302,6.2761,6.6422,7.0296,7.4397,7.8737,8.333,8.8192
0.030152,0.054551,0.079117,0.10393,0.12908,0.15464,0.18069,0.20732,0.23462,0.26268,0.29158,0.32141,0.35228,0.38429,0.41752,0.4521,0.48813,0.52572,0.565,0.60609,0.64912,0.69422,0.74155,0.79124,0.84347,0.89838,0.95616,1.017,1.0811,1.1486,1.2198,1.2948,1.374,1.4576,1.5458,1.6389,1.7372,1.8411,1.9508,2.0668,2.1893,2.3188,2.4556,2.6004,2.7533,2.9151,3.0862,3.2671,3.4585,3.6609,3.8751,4.1016,4.3413,4.5949,4.8632,5.1472,5.4477,5.7657,6.1023,6.4585,6.8355,7.2346,7.657,8.1041,8.5773
0.027907,0.051582,0.075416,0.09949,0.12388,0.14867,0.17394,0.19976,0.22623,0.25343,0.28145,0.31038,0.3403,0.37132,0.40354,0.43705,0.47197,0.5084,0.54646,0.58628,0.62797,0.67168,0.71754,0.76569,0.81629,0.8695,0.92549,0.98443,1.0465,1.1119,1.1809,1.2536,1.3304,1.4113,1.4968,1.587,1.6823,1.7829,1.8893,2.0016,2.1203,2.2458,2.3785,2.5187,2.667,2.8237,2.9896,3.1649,3.3504,3.5466,3.7542,3.9738,4.2062,4.4521,4.7123,4.9876,5.279,5.5874,5.9138,6.2593,6.625,7.0121,7.4218,7.8556,8.3147
0.025679,0.048569,0.071612,0.094883,0.11846,0.14242,0.16684,0.19179,0.21737,0.24365,0.27072,0.29866,0.32757,0.35753,0.38865,0.42102,0.45474,0.48992,0.52668,0.56513,0.6054,0.6476,0.69188,0.73837,0.78723,0.83861,0.89267,0.94958,1.0095,1.0727,1.1393,1.2095,1.2836,1.3618,1.4443,1.5314,1.6234,1.7206,1.8232,1.9317,2.0464,2.1675,2.2956,2.431,2.5742,2.7257,2.8858,3.0552,3.2343,3.4239,3.6244,3.8365,4.061,4.2986,4.55,4.816,5.0976,5.3957,5.7111,6.0451,6.3986,6.7727,7.1689,7.5882,8.0321
0.023478,0.045527,0.06772,0.090131,0.11283,0.1359,0.15941,0.18344,0.20806,0.23336,0.25941,0.28631,0.31413,0.34296,0.3729,0.40405,0.4365,0.47035,0.50572,0.54271,0.58144,0.62204,0.66464,0.70937,0.75637,0.80579,0.85778,0.91253,0.97019,1.0309,1.095,1.1625,1.2338,1.309,1.3884,1.4722,1.5607,1.6542,1.7529,1.8573,1.9676,2.0841,2.2074,2.3377,2.4754,2.6211,2.7752,2.9382,3.1106,3.293,3.4859,3.6901,3.9062,4.1348,4.3768,4.6329,4.904,5.191,5.4948,5.8163,6.1567,6.5171,6.8986,7.3025,7.7301
0.021316,0.042468,0.063755,0.085249,0.10702,0.12914,0.15169,0.17472,0.19833,0.22259,0.24756,0.27334,0.30001,0.32765,0.35635,0.3862,0.41729,0.44973,0.48362,0.51907,0.55618,0.59508,0.63589,0.67875,0.72377,0.77112,0.82094,0.87338,0.92862,0.98683,1.0482,1.1129,1.1812,1.2532,1.3293,1.4095,1.4943,1.5839,1.6785,1.7785,1.8842,1.9959,2.1139,2.2388,2.3708,2.5104,2.658,2.8142,2.9794,3.1542,3.3392,3.5349,3.742,3.9612,4.1932,4.4388,4.6987,4.9739,5.2652,5.5736,5.9001,6.2458,6.6118,6.9993,7.4095
0.019204,0.039404,0.059731,0.080255,0.10104,0.12216,0.14369,0.16568,0.18822,0.21137,0.23521,0.25981,0.28526,0.31164,0.33902,0.36751,0.39717,0.42813,0.46046,0.49427,0.52968,0.56679,0.60572,0.64659,0.68954,0.73471,0.78222,0.83225,0.88493,0.94045,0.99898,1.0607,1.1258,1.1945,1.2671,1.3436,1.4245,1.5099,1.6002,1.6956,1.7963,1.9029,2.0155,2.1346,2.2605,2.3937,2.5346,2.6836,2.8413,3.008,3.1845,3.3713,3.569,3.7782,3.9996,4.234,4.4821,4.7449,5.023,5.3175,5.6293,5.9595,6.309,6.6792,7.0711
0.017152,0.036348,0.055664,0.075166,0.094918,0.11499,0.13543,0.15633,0.17774,0.19973,0.22238,0.24575,0.26993,0.29498,0.32098,0.34803,0.3762,0.40559,0.43629,0.46839,0.50201,0.53724,0.57419,0.613,0.65377,0.69664,0.74174,0.78922,0.83923,0.89193,0.94748,1.0061,1.0679,1.1331,1.2019,1.2746,1.3514,1.4325,1.5181,1.6087,1.7044,1.8055,1.9124,2.0255,2.145,2.2715,2.4052,2.5467,2.6964,2.8547,3.0223,3.1997,3.3874,3.5861,3.7965,4.0191,4.2549,4.5045,4.7688,5.0487,5.345,5.6588,5.9911,6.343,6.7156
0.01517,0.033313,0.051569,0.07,0.088667,0.10763,0.12696,0.1467,0.16694,0.18772,0.20912,0.2312,0.25404,0.27771,0.30227,0.32782,0.35443,0.38219,0.41118,0.4415,0.47324,0.50651,0.5414,0.57804,0.61653,0.65701,0.69959,0.74442,0.79164,0.84139,0.89384,0.94914,1.0075,1.0691,1.1341,1.2027,1.2752,1.3517,1.4326,1.5181,1.6084,1.7039,1.8049,1.9116,2.0245,2.1439,2.2702,2.4038,2.5452,2.6947,2.853,3.0206,3.1979,3.3856,3.5843,3.7947,4.0175,4.2534,4.5032,4.7677,5.0479,5.3446,5.6588,5.9916,6.3439
0.013268,0.030312,0.04746,0.064773,0.082309,0.10013,0.11828,0.13683,0.15584,0.17536,0.19546,0.21621,0.23766,0.25988,0.28295,0.30694,0.33192,0.35798,0.3852,0.41366,0.44345,0.47468,0.50743,0.54181,0.57794,0.61593,0.65589,0.69796,0.74227,0.78896,0.83818,0.89008,0.94484,1.0026,1.0636,1.128,1.196,1.2679,1.3438,1.424,1.5088,1.5984,1.6931,1.7933,1.8993,2.0113,2.1299,2.2553,2.388,2.5284,2.677,2.8343,3.0008,3.1771,3.3637,3.5613,3.7706,3.9922,4.2269,4.4754,4.7387,5.0175,5.3129,5.6257,5.957
0.011458,0.027356,0.043353,0.059504,0.075864,0.092488,0.10943,0.12674,0.14448,0.16269,0.18145,0.2008,0.22081,0.24154,0.26306,0.28543,0.30873,0.33303,0.35841,0.38494,0.41272,0.44183,0.47236,0.50442,0.53809,0.5735,0.61075,0.64996,0.69126,0.73478,0.78065,0.82902,0.88006,0.93391,0.99076,1.0508,1.1142,1.1811,1.2519,1.3266,1.4057,1.4892,1.5775,1.6709,1.7697,1.8741,1.9846,2.1016,2.2253,2.3562,2.4948,2.6414,2.7967,2.9611,3.1352,3.3195,3.5147,3.7215,3.9404,4.1724,4.4182,4.6785,4.9542,5.2463,5.5557
0.0097484,0.024459,0.039262,0.054209,0.069354,0.084745,0.10043,0.11646,0.13288,0.14975,0.16712,0.18503,0.20356,0.22275,0.24266,0.26336,0.28492,0.3074,0.33088,0.35543,0.38112,0.40805,0.43629,0.46594,0.49708,0.52983,0.56428,0.60054,0.63873,0.67897,0.72139,0.76613,0.81332,0.86312,0.91569,0.97119,1.0298,1.0917,1.1572,1.2263,1.2994,1.3766,1.4583,1.5447,1.636,1.7326,1.8348,1.943,2.0574,2.1785,2.3067,2.4424,2.5861,2.7382,2.8993,3.0699,3.2505,3.4419,3.6447,3.8595,4.0871,4.3282,4.5837,4.8543,5.141
0.0081496,0.021632,0.0352,0.048907,0.062798,0.076919,0.091312,0.10602,0.1211,0.13657,0.15251,0.16895,0.18594,0.20354,0.2218,0.24079,0.26055,0.28117,0.30269,0.32519,0.34874,0.37342,0.3993,0.42647,0.45502,0.48503,0.51659,0.54982,0.58482,0.62169,0.66056,0.70155,0.7448,0.79043,0.83859,0.88945,0.94316,0.9999,1.0598,1.1232,1.1902,1.2609,1.3358,1.4149,1.4986,1.5872,1.6809,1.78,1.8849,1.9959,2.1134,2.2377,2.3694,2.5089,2.6566,2.813,2.9787,3.1543,3.3403,3.5374,3.7463,3.9676,4.2022,4.4507,4.714
0.0066709,0.018886,0.031184,0.043613,0.056217,0.069034,0.082102,0.095459,0.10914,0.1232,0.13766,0.15258,0.168,0.18397,0.20054,0.21776,0.23569,0.25438,0.2739,0.29431,0.31566,0.33803,0.3615,0.38613,0.412,0.4392,0.46782,0.49794,0.52966,0.56308,0.59831,0.63546,0.67465,0.71601,0.75966,0.80575,0.85443,0.90586,0.96019,1.0176,1.0783,1.1425,1.2103,1.282,1.3579,1.4382,1.5231,1.6129,1.708,1.8086,1.9152,2.0279,2.1474,2.2738,2.4078,2.5497,2.7,2.8593,3.0281,3.207,3.3966,3.5976,3.8106,4.0363,4.2756
0.005321,0.016232,0.027226,0.038346,0.049632,0.061115,0.072826,0.084798,0.097063,0.10966,0.12262,0.13598,0.14979,0.1641,0.17893,0.19435,0.2104,0.22713,0.24459,0.26285,0.28196,0.30197,0.32297,0.345,0.36815,0.39248,0.41807,0.44501,0.47338,0.50327,0.53478,0.56801,0.60306,0.64005,0.67909,0.72031,0.76385,0.80984,0.85843,0.90979,0.96406,1.0214,1.0821,1.1463,1.2141,1.2859,1.3619,1.4423,1.5273,1.6173,1.7126,1.8135,1.9204,2.0336,2.1534,2.2804,2.415,2.5576,2.7088,2.869,3.0389,3.219,3.4099,3.6123,3.8268
0.0041085,0.013681,0.023339,0.033124,0.043065,0.053188,0.063516,0.074075,0.084891,0.095995,0.10742,0.1192,0.13137,0.14396,0.15703,0.1706,0.18473,0.19946,0.21483,0.2309,0.24772,0.26533,0.2838,0.30319,0.32355,0.34496,0.36747,0.39117,0.41613,0.44243,0.47014,0.49937,0.5302,0.56274,0.59708,0.63334,0.67164,0.71209,0.75484,0.80001,0.84775,0.89823,0.9516,1.008,1.0677,1.1309,1.1977,1.2684,1.3432,1.4225,1.5063,1.5951,1.6891,1.7887,1.8942,2.006,2.1245,2.25,2.3832,2.5243,2.674,2.8327,3.0011,3.1796,3.3689
0.0030408,0.011242,0.019538,0.027964,0.03654,0.04528,0.054201,0.063321,0.072661,0.082247,0.092106,0.10227,0.11276,0.12362,0.13489,0.14659,0.15876,0.17145,0.1847,0.19854,0.21302,0.22819,0.2441,0.2608,0.27833,0.29677,0.31615,0.33656,0.35805,0.38069,0.40455,0.42972,0.45626,0.48427,0.51384,0.54506,0.57803,0.61285,0.64965,0.68854,0.72965,0.7731,0.81905,0.86765,0.91905,0.97342,1.031,1.0918,1.1563,1.2245,1.2967,1.3731,1.4541,1.5399,1.6308,1.7271,1.8291,1.9373,2.0521,2.1738,2.3029,2.4399,2.5852,2.7394,2.9028
0.002125,0.0089251,0.015838,0.022888,0.030081,0.037421,0.044913,0.05257,0.06041,0.068452,0.076719,0.085237,0.094031,0.10313,0.11256,0.12236,0.13255,0.14318,0.15426,0.16584,0.17796,0.19065,0.20396,0.21793,0.2326,0.24801,0.26423,0.2813,0.29927,0.31821,0.33817,0.35921,0.38141,0.40484,0.42956,0.45567,0.48324,0.51237,0.54314,0.57567,0.61004,0.64639,0.68481,0.72545,0.76844,0.81392,0.86203,0.91295,0.96684,1.0239,1.0843,1.1482,1.216,1.2877,1.3638,1.4444,1.5298,1.6204,1.7164,1.8183,1.9265,2.0413,2.1632,2.2925,2.4298
0.0013671,0.0067381,0.012254,0.01792,0.023719,0.02964,0.035684,0.041857,0.048173,0.054647,0.061299,0.068149,0.075218,0.08253,0.090108,0.097977,0.10616,0.11469,0.12359,0.13288,0.14261,0.1528,0.16348,0.17468,0.18645,0.19882,0.21183,0.22553,0.23995,0.25514,0.27115,0.28803,0.30584,0.32463,0.34447,0.36541,0.38753,0.41089,0.43557,0.46166,0.48924,0.51839,0.54922,0.58182,0.6163,0.65278,0.69138,0.73222,0.77545,0.82122,0.86968,0.92099,0.97534,1.0329,1.0939,1.1586,1.2272,1.2999,1.377,1.4589,1.5458,1.638,1.7361,1.8403,1.9509
0.00077208,0.0046928,0.0088141,0.013093,0.017487,0.021974,0.026548,0.031215,0.035983,0.040868,0.045882,0.051043,0.056367,0.061872,0.067574,0.073495,0.079651,0.086065,0.092756,0.099746,0.10706,0.11472,0.12274,0.13117,0.14001,0.14931,0.15909,0.16938,0.18021,0.19163,0.20366,0.21635,0.22973,0.24385,0.25875,0.27449,0.29111,0.30866,0.32721,0.34681,0.36753,0.38943,0.4126,0.43709,0.463,0.49041,0.51941,0.55011,0.58259,0.61698,0.65339,0.69195,0.7328,0.77607,0.82193,0.87054,0.92207,0.97673,1.0347,1.0963,1.1617,1.2312,1.3051,1.3837,1.4673
0.00034419,0.0028117,0.0055594,0.0084539,0.011428,0.014457,0.017538,0.020674,0.023874,0.027148,0.030506,0.03396,0.037521,0.041201,0.045013,0.048969,0.053082,0.057366,0.061834,0.066502,0.071384,0.076497,0.081856,0.087479,0.093383,0.099589,0.10612,0.11298,0.12022,0.12783,0.13586,0.14433,0.15326,0.16268,0.17263,0.18313,0.19422,0.20594,0.21831,0.23139,0.24522,0.25984,0.27529,0.29164,0.30893,0.32722,0.34657,0.36706,0.38873,0.41168,0.43598,0.46172,0.48898,0.51786,0.54846,0.58091,0.61531,0.6518,0.69052,0.73164,0.77532,0.82177,0.87122,0.92393,0.98017
8.62E-05,0.0011634,0.0025722,0.0040649,0.0055858,0.0071243,0.0086817,0.010263,0.011872,0.013517,0.015202,0.016934,0.018719,0.020563,0.022472,0.024453,0.026512,0.028656,0.030893,0.033228,0.035671,0.038229,0.04091,0.043723,0.046677,0.049781,0.053045,0.05648,0.060097,0.063907,0.067923,0.072157,0.076623,0.081336,0.08631,0.091561,0.097107,0.10297,0.10915,0.1157,0.12261,0.12992,0.13765,0.14582,0.15447,0.16361,0.17329,0.18353,0.19437,0.20585,0.218,0.23087,0.2445,0.25894,0.27425,0.29047,0.30768,0.32593,0.3453,0.36587,0.38772,0.41097,0.43575,0.46222,0.49068
